Churn,Customer ID
1,0004-TLHLJ
1,0011-IGKFF
1,0013-EXCHZ
0,0013-MHZWF
0,0013-SMEOE
0,0014-BMAQU
0,0015-UOCOJ
0,0017-IUDMW
0,0019-EFAEP
0,0019-GFNTW
0,0020-JDNXP
0,0021-IKXGC
1,0022-TCJCI
1,0023-HGHWL
0,0023-UYUPN
1,0023-XUOPT
0,0027-KWYKW
0,0030-FNXPP
1,0031-PVLZI
1,0032-PGELS
0,0036-IHMOT
0,0040-HALCW
0,0042-JVWOJ
0,0042-RLHYP
0,0048-LUMLS
0,0048-PIHNL
0,0052-DCKON
0,0052-YNYOT
0,0057-QBUQH
0,0058-EVZWM
0,0060-FUALY
0,0064-SUDOG
0,0064-YIJGF
1,0067-DKWBL
0,0071-NDAFP
0,0076-LVEPS
0,0078-XZMHT
0,0080-EMYVY
0,0082-LDZUE
0,0082-OQIQY
0,0089-IIQKO
0,0093-EXYQL
1,0093-XWZFY
0,0096-BXERS
0,0096-FCPUF
0,0098-BOWSO
0,0100-DUVFC
0,0103-CSITQ
0,0104-PPXDV
0,0106-GHRQR
1,0107-WESLM
1,0107-YHINA
0,0111-KLBQG
0,0112-QAWRZ
1,0112-QWPNC
0,0114-PEGZZ
1,0115-TFERT
1,0117-LFRMW
0,0118-JPNOY
0,0121-SNYRK
1,0122-OAHPZ
0,0123-CRBRT
0,0128-MKWSG
0,0129-KPTWJ
0,0130-SXOUN
1,0133-BMFZO
0,0134-XWXCE
1,0135-NMXAP
0,0136-IFMYD
1,0137-OCGAB
1,0137-UDEUO
0,0139-IVFJG
0,0141-YEAYS
0,0142-GVYSN
0,0147-ESWWR
1,0148-DCDOS
1,0156-FVPTA
0,0164-APGRB
0,0164-XAIRP
0,0168-XZKBB
0,0174-QRVVY
0,0177-PXBAT
0,0178-CIIKR
0,0178-SZBHO
0,0186-CAERR
0,0187-QSXOE
0,0188-GWFLE
1,0195-IESCP
0,0196-JTUQI
1,0196-VULGZ
0,0197-PNKNK
0,0201-MIBOL
1,0201-OAMXR
1,0203-HHYIJ
0,0206-OYVOC
0,0206-TBWLC
0,0208-BPQEJ
0,0212-ISBBF
0,0214-JHPFW
0,0215-BQKGS
0,0218-QNVAS
0,0219-QAERP
1,0219-YTZUE
1,0220-EBGCE
0,0221-NAUXK
0,0221-WMXNQ
0,0222-CNVPT
0,0224-NIJLP
0,0224-RLWWD
0,0225-ZORZP
0,0228-MAUWC
0,0229-LFJAF
0,0230-UBYPQ
0,0230-WEQUW
0,0233-FTHAV
0,0234-TEVTT
1,0235-KGSLC
1,0236-HFWSV
0,0237-YFUTL
0,0238-WHBIQ
0,0239-OXEXL
0,0244-LGNFY
0,0247-SLUJI
0,0248-IPDFW
0,0253-ZTEOB
0,0254-FNMCI
0,0254-KCJGT
1,0256-LTHVJ
1,0257-ZESQC
0,0258-NOKBL
1,0259-GBZSH
1,0260-ZDLGK
0,0263-FJTQO
0,0264-CNITK
1,0265-EDXBD
0,0265-PSUAE
0,0266-CLZKZ
1,0268-QKIWO
0,0269-XFESX
0,0274-JKUJR
0,0277-BKSQP
0,0277-ORXQS
1,0278-YXOOG
1,0280-XJGEX
0,0281-CNTZX
0,0282-NVSJS
0,0285-INHLN
0,0289-IVARM
0,0292-WEGCH
0,0295-QVKPB
0,0297-RBCSG
0,0298-XACET
0,0301-FIDRB
0,0301-KOBTQ
1,0302-JOIVN
0,0303-WMMRN
0,0305-SQECB
1,0306-JAELE
0,0307-BCOPK
0,0308-GIQJT
0,0308-IVGOK
1,0310-MVLET
0,0311-QYWSS
0,0314-TKOSI
0,0315-LVCRK
1,0318-QUUOB
0,0318-ZOPWS
0,0319-QZTCO
0,0320-DWVTU
1,0320-JDNQG
1,0322-CHQRU
1,0322-YINQP
0,0323-XWWTN
1,0324-BRPCJ
1,0325-XBFAC
0,0326-VDYXE
1,0328-GRPMV
1,0329-GTIAJ
0,0330-BGYZE
1,0334-GDDSO
0,0336-KXKFK
0,0336-PIKEI
1,0337-CNPZE
0,0343-QLUZP
1,0345-HKJVM
0,0345-XMMUG
0,0347-UBKUZ
1,0348-SDKOL
0,0354-VXMJC
1,0354-WYROK
0,0356-ERHVT
0,0356-OBMAC
0,0357-NVCRI
0,0361-HJRDX
0,0362-RAOQO
1,0362-ZBZWJ
1,0363-QJVFX
0,0363-SVHYR
0,0365-BZUWY
0,0365-GXEZS
0,0366-NQSHS
0,0369-ZGOVK
0,0374-FIUCA
0,0374-IOEGQ
0,0376-OIWME
1,0376-YMCJC
0,0377-JBKKT
0,0378-CJKPV
1,0378-NHQXU
1,0378-XSZPU
0,0379-DJQHR
0,0380-NEAVX
0,0380-ZCSBI
0,0384-LPITE
0,0384-RVBPI
0,0386-CWRGM
1,0388-EOPEX
1,0390-DCFDQ
0,0392-BZIUW
0,0394-YONDK
0,0396-HUJBP
0,0396-UKGAI
0,0396-YCHWO
1,0397-GZBBC
0,0401-WDBXM
1,0402-CQAJN
0,0402-OAMEN
0,0404-AHASP
1,0404-SWRVG
1,0406-BPDVR
1,0407-BDJKB
0,0410-IPFTY
0,0412-UCCNP
1,0415-MOSGF
0,0419-YAAPX
1,0420-BWTPW
0,0420-HLGXF
0,0420-TXVSG
0,0422-OHQHQ
0,0422-UXFAP
0,0423-UDIJQ
0,0428-AXXLJ
0,0428-IKYCP
0,0430-IHCDJ
0,0432-CAJZV
0,0434-CSFON
0,0436-TWFFZ
0,0439-IFYUN
0,0440-EKDCF
0,0440-MOGPM
0,0440-QEXBZ
0,0442-TDYUO
0,0442-ZXKVS
1,0447-BEMNG
0,0447-RXSGD
0,0455-ENTCR
0,0455-XFASS
0,0458-HEUZG
0,0459-SPZHJ
1,0461-CVKMU
0,0463-TXOAK
0,0463-WZZKO
0,0468-YRPXN
0,0471-ARVMX
1,0471-LVHGK
0,0479-HMSWA
0,0480-KYJVA
0,0481-SUMCB
0,0484-FFVBJ
0,0484-JPBRU
0,0485-ZBSLN
1,0486-HECZI
0,0486-LGCCH
0,0487-CRLZF
0,0487-RPVUM
0,0487-VVUVK
1,0488-GSLFR
0,0489-WMEMG
0,0491-KAPQG
1,0495-ZBNGW
0,0496-AHOOK
0,0505-SPOOW
1,0506-LVNGN
0,0506-YLVKJ
0,0508-OOLTO
0,0508-SQWPL
1,0511-JTEOY
0,0512-FLFDW
1,0515-YPMCW
0,0516-OOHAR
0,0516-QREYC
0,0516-UXRMT
1,0516-VRYBW
0,0519-DRGTI
1,0519-XUZJU
0,0523-VNGTF
1,0524-IAVZO
0,0526-SXDJP
1,0529-ONKER
0,0530-IJVDB
0,0531-XBKMM
0,0531-ZZJWQ
0,0533-UCAAU
0,0536-ACXIP
0,0541-FITGH
0,0547-HURJB
0,0549-CYCQN
0,0550-DCXLH
0,0556-FJEGU
0,0557-ASKVU
0,0559-CKHUS
0,0562-HKHML
0,0562-KBDVM
1,0564-JJHGS
0,0564-MUUQK
1,0565-IYCGT
0,0565-JUPYD
0,0567-GGCAC
0,0567-XRHCU
1,0568-ONFPC
0,0570-BFQHT
0,0572-ZJKLT
0,0577-WHMEV
1,0578-SKVMF
0,0580-PIQHM
0,0581-BXBUB
0,0581-MDMPW
0,0582-AVCLN
0,0584-BJQGZ
1,0587-DMGBH
0,0595-ITUDF
1,0596-BQCEQ
0,0599-XNYDO
1,0601-WZHJF
0,0602-DDUML
0,0603-OLQDC
0,0603-TPMIB
1,0607-DAAHE
0,0607-MVMGC
1,0611-DFXKO
1,0612-RTZZA
1,0616-ATFGB
1,0617-FHSGK
1,0618-XWMSS
0,0619-OLYUR
0,0620-XEFWH
0,0621-CXBKL
0,0621-HJWXJ
1,0621-TWIEM
0,0623-EJQEG
0,0623-GDISB
1,0623-IIHUG
0,0625-AFOHS
1,0628-CNQRM
0,0635-WKOLD
1,0637-KVDLV
1,0637-YLETY
0,0640-YJTPY
0,0641-EVBOJ
0,0644-OQMDK
0,0650-BWOZN
1,0654-HMSHN
0,0654-PQKDW
0,0655-YDGFJ
0,0657-DOGUM
0,0661-KBKPA
0,0661-KQHNK
0,0661-WCQNQ
1,0661-XEYAN
0,0665-XHDJU
0,0666-UXTJO
0,0667-NSRGI
0,0668-OGMHD
0,0670-ANMUU
0,0673-IGUQO
0,0674-DGMAQ
0,0674-EYYZV
0,0674-GCDXG
0,0678-RLHVP
0,0679-TDGAK
1,0680-DFNNY
0,0682-USIXD
1,0684-AOSIH
1,0685-MLYYM
1,0687-ZVTHB
0,0689-DSXGL
0,0690-SRQID
1,0691-IFBQW
1,0691-JVSYA
0,0691-NIKRI
0,0696-UKTOX
1,0697-ZMSWS
0,0701-RFGFI
0,0701-TJSEF
1,0702-PGIBZ
0,0704-VCUMB
0,0707-HOVVN
0,0708-LGSMF
0,0708-SJDIS
1,0709-TVGUR
0,0716-BQNDX
1,0719-SYFRB
0,0722-SVSFK
1,0722-TROQR
1,0723-DRCLG
0,0723-FDLAY
0,0723-VSOBE
0,0725-CXOTM
1,0727-BMPLR
0,0727-BNRLG
1,0727-IWKVK
0,0730-BGQGF
0,0731-EBJQB
0,0732-OCQOC
1,0733-VUNUW
0,0734-OXWBT
0,0739-UUAJR
1,0742-NXBGR
0,0743-HNPFG
0,0743-HRVFF
0,0744-BIKKF
0,0744-GKNGE
1,0746-JTRFU
1,0748-RDGGM
0,0750-EBAIU
0,0750-EKNGL
0,0754-EEBDC
1,0754-UKWQP
0,0756-MPZRL
0,0757-WCUUZ
1,0761-AETCS
0,0771-CHWSK
0,0771-WLCLA
1,0772-GYEQQ
0,0774-IFUVM
1,0778-NELLA
0,0780-XNZFN
1,0781-LKXBR
0,0784-GTUUK
0,0784-ZQJZX
0,0795-LAFGP
0,0795-XCCTE
0,0799-DDIHE
0,0804-XBFBV
0,0804-YGEQV
0,0810-DHDBD
0,0811-GSDTP
1,0812-WUPTB
0,0815-MFZGM
0,0816-TSPHQ
0,0817-HSUSE
1,0818-OCPZO
0,0820-FNRNX
1,0822-GAVAP
0,0822-QGCXA
1,0823-HSCDJ
0,0824-VWDPO
0,0825-CPPQH
0,0827-ITJPH
0,0829-XXPLX
0,0831-JNISG
0,0835-DUUIQ
0,0835-JKADZ
1,0836-SEYLU
0,0839-JTCUD
0,0840-DCNZE
0,0840-DFEZH
1,0841-NULXI
1,0843-WTBXE
0,0847-HGRML
0,0848-ZGQIJ
0,0851-DFJKB
0,0853-TWRVK
0,0854-UYHZD
0,0856-NAOES
0,0862-PRCBS
0,0864-FVJNJ
1,0866-QLSIR
0,0867-LDTTC
0,0868-VJRDR
0,0869-PAPRP
1,0870-VEMYL
0,0871-OPBXW
1,0871-URUWO
1,0872-NXJYS
1,0875-CABNR
1,0876-WDUUZ
0,0880-FVFWF
1,0880-TKATG
1,0883-EIBTI
0,0885-HMGPY
1,0887-HJGAR
0,0887-WBJVH
1,0895-DQHEW
0,0895-LMRSF
0,0895-UADGO
1,0897-FEGMU
0,0898-XCGTF
0,0899-LIIBW
0,0899-WZRSD
0,0902-RFHOF
0,0902-XKXPN
0,0907-HQNTS
0,0909-SDHNU
0,0913-XWSCN
0,0916-KNFAJ
0,0916-QOFDP
1,0917-EZOLA
0,0921-OHLVP
1,0923-PNFUB
1,0925-VYDLG
0,0927-CNGRH
1,0927-LCSMG
0,0928-JMXNP
0,0929-PECLO
0,0930-EHUZA
0,0931-MHTEM
0,0932-YIXYU
0,0936-NQLJU
1,0939-YAPAF
1,0940-OUQEC
0,0942-KOWSM
0,0945-TSONX
1,0946-CLJTI
0,0946-FKYTX
1,0947-MUGVO
1,0952-KMEEH
0,0953-LGOVU
0,0956-SYCWG
0,0958-YHXGP
0,0959-WHOKV
0,0960-HUWBM
0,0961-ZWLVI
0,0962-CQPWQ
1,0963-ZBDRN
0,0967-BMLBD
1,0968-GSIKN
0,0969-RGKCU
0,0970-QXPXW
0,0971-QIFJK
0,0973-KYVNF
0,0975-UYDTX
0,0975-VOOVL
0,0979-MOZQI
1,0979-PHULV
0,0980-FEXWF
0,0980-PVMRC
0,0983-TATYJ
0,0988-AADSA
1,0991-BRRFB
0,0993-OSGPT
0,0997-YTLNY
1,1000-AJSLD
0,1004-NOZNR
1,1009-IRMNA
0,1013-QCWAM
0,1015-JPFYW
0,1016-DJTSV
0,1017-FBQMM
0,1020-JPQOW
0,1022-RKXDR
1,1024-GUALD
0,1024-KPRBB
1,1024-VRZHF
0,1025-FALIX
0,1027-LKKQQ
0,1028-FFNJK
1,1029-QFBEN
1,1031-IIDEO
0,1032-MAELW
0,1035-IPQPU
0,1036-GUDCL
0,1038-RQOST
1,1038-ZAGBI
1,1041-RXHRA
0,1042-HFUCW
0,1043-UXOVO
1,1043-YCUTE
0,1047-NNCBF
0,1047-RNXZV
0,1049-FYSYG
0,1051-EQPZR
0,1051-GEJLJ
0,1052-QJIBV
0,1057-FOGLZ
0,1060-ENTOF
0,1061-PNTHC
1,1062-LHZOD
0,1063-DHQJF
0,1064-FBXNK
1,1066-JKSGK
0,1069-QJOEE
1,1069-XAIEM
0,1073-XXCZD
0,1074-AMIOH
0,1074-WVEVG
0,1077-HUUJM
0,1084-MNSMJ
1,1084-UQCHV
0,1085-LDWAM
1,1086-LXKFY
0,1087-GRUYI
1,1087-UDSIH
0,1088-AUUZZ
0,1088-CNNKB
0,1089-HDMKP
0,1089-XZWHH
0,1090-ESELR
0,1090-PYKCI
0,1091-SOZGA
1,1092-GANHU
0,1092-WPIVQ
0,1093-YSWCA
0,1096-ADRUX
0,1097-FSPVW
0,1098-KFQEC
0,1098-TDVUQ
0,1099-BTKWT
0,1099-GODLO
0,1100-DDVRV
0,1101-SSWAG
0,1104-FEJAM
0,1104-TNLZA
0,1106-HRLKZ
1,1112-CUNAO
1,1113-IUJYX
1,1114-CENIM
0,1116-DXXDF
0,1116-FRYVH
0,1121-QSIVB
1,1122-JWTJW
0,1122-YJBCS
0,1125-SNVCK
0,1131-ALZWV
0,1131-SUEKT
0,1133-KXCGE
0,1134-YWTYF
0,1135-HIORI
0,1135-LMECX
0,1136-XGEQU
0,1139-WUOAH
0,1142-IHLOO
1,1142-WACZW
1,1143-NMNQJ
0,1150-FTQGN
1,1150-WFARN
0,1153-GNOLC
0,1156-ZFYDO
1,1157-BQCUW
0,1159-WFSGR
0,1162-ECVII
0,1163-VIPRI
0,1166-PQLGG
0,1167-OYZJF
0,1169-SAOCL
0,1170-SASML
0,1171-TYKUR
0,1172-VIYBP
0,1173-NOEYG
0,1173-XZPYF
0,1174-FGIFN
0,1177-XZBJL
0,1178-PZGAB
0,1179-INLAT
1,1184-PJVDB
0,1187-WILMM
1,1193-RTSLK
0,1194-BHJYC
0,1194-HVAIF
0,1194-SPVSP
1,1195-OIYEJ
1,1196-AMORA
0,1197-BVMVG
0,1200-TUZHR
0,1202-KKGFU
1,1205-WNWPJ
0,1206-EHBDD
0,1207-BLKSA
1,1208-DNHLN
0,1208-NBVFH
0,1212-GLHMD
1,1213-NGCUN
0,1215-EXRMO
0,1215-FIGMP
0,1215-VFYVK
0,1216-JWVUX
0,1217-VASWC
1,1218-VKFPE
0,1219-NNDDO
0,1221-GHZEP
0,1222-KJNZD
0,1222-LRYKO
0,1223-UNPKS
0,1226-IENZN
0,1226-JZNKR
1,1226-UDFZR
1,1228-FZFRV
0,1228-ZLNBX
0,1229-RCALF
0,1231-YNDEK
1,1236-WFCDV
0,1237-WIYYZ
0,1240-HCBOH
1,1240-KNSEZ
0,1241-EZFMJ
0,1241-FPMOF
0,1245-HARPS
0,1247-QBVSH
0,1248-DYXUB
1,1251-KRREG
0,1251-STYSZ
1,1254-IZEYF
0,1257-SXUXQ
1,1260-TTRXI
0,1261-FWTTE
1,1262-OPMFY
1,1264-BYWMS
0,1264-FUHCX
0,1265-BCFEO
0,1265-HVPZB
1,1265-XTECC
0,1265-ZFOSD
0,1266-NZYUI
1,1268-ASBGA
0,1269-FOYWN
0,1270-XKUCC
1,1271-SJBGZ
0,1271-UODNO
0,1272-ILHFG
1,1273-MTETI
0,1291-CUOCY
0,1293-BSEUN
0,1293-HHSHJ
0,1297-VQDRP
0,1298-PHBTI
0,1301-LOPVR
0,1302-UHBDD
0,1303-SRDOK
0,1304-BCCFO
0,1304-SEGFY
0,1306-RPWXZ
0,1307-ATKGB
0,1307-TVUFB
1,1309-BXVOQ
0,1309-XGFSN
0,1310-QRITU
0,1319-YLZJG
0,1320-GVNHT
1,1320-HTRDR
0,1320-REHCS
1,1322-AGOQM
1,1323-OOEPC
0,1325-USMEC
0,1328-EUZHC
1,1334-FJSVR
0,1335-MXCSE
0,1335-NTIUC
0,1336-EZFZY
0,1338-CECEE
1,1342-JPNKI
1,1343-EHPYB
0,1345-GKDZZ
0,1345-ZUKID
0,1346-PJWTK
0,1346-UFHAX
0,1347-KTTTA
1,1349-WXNGG
0,1352-HNSAW
0,1352-VHKAJ
0,1353-GHZOS
0,1353-LJWEM
0,1354-YZFNB
0,1355-KUSBG
0,1357-BIJKI
0,1357-MVDOZ
0,1360-JYXKQ
0,1360-RCYRT
0,1360-XFJMR
1,1363-TXLSL
0,1371-OJCEK
0,1371-WEPDS
1,1373-ORVIZ
1,1374-DMZUI
0,1376-HHBDV
0,1384-RCUXW
0,1385-TQOZW
0,1386-ZIKUV
1,1389-CXMLU
0,1389-WNUIB
0,1391-UBDAR
0,1393-IMKZG
0,1394-SUIUH
0,1395-OFUWC
0,1395-WSWXR
0,1397-XKKWR
0,1399-OUPJN
0,1399-UBQIU
1,1400-MMYXY
0,1400-WIVLL
0,1401-FTHFQ
0,1402-PTHGN
0,1403-GYAFU
0,1406-PUQVY
0,1407-DIGZV
0,1409-PHXTF
0,1410-RSCMR
0,1414-YADCW
1,1415-YFWLT
0,1421-HCERK
0,1422-DGUBX
0,1423-BMPBQ
1,1428-GTBJJ
0,1429-UYJSV
0,1431-AIDJQ
1,1432-FPAXX
0,1442-BQPVU
1,1444-VVSGW
1,1447-GIQMR
1,1447-PJGGA
0,1448-CYWKC
1,1448-PWKYE
1,1449-XQEMT
1,1450-GALXR
0,1452-KIOVK
0,1452-UZOSF
0,1452-VOQCH
0,1453-RZFON
1,1455-ESIQH
0,1455-HFBXA
0,1456-TWCGB
0,1459-QNFQT
0,1460-UZPRJ
0,1465-LNTLJ
1,1465-VINDH
0,1465-WCZVT
0,1468-DEFNC
0,1469-LBJQJ
0,1470-PSXNM
0,1472-TNCWL
0,1474-JUWSM
0,1478-VPOAD
0,1480-BKXGA
1,1481-ZUWZA
0,1485-YDHMM
0,1488-PBLJN
0,1488-SYSFC
0,1492-KGETH
0,1494-EJZDW
1,1496-GGSUK
0,1498-DQNRX
0,1498-NHTLT
1,1501-SGHBW
1,1502-XFCVR
0,1506-YJTYT
0,1508-DFXCU
1,1513-XNPPH
0,1518-OMDIK
1,1518-VOWAV
1,1522-VVDMG
0,1525-LNLOJ
1,1527-SXDPN
0,1530-ZTDOZ
0,1535-VTJOQ
0,1536-HBSWP
0,1536-YHDOE
0,1539-LNKHM
0,1543-LLLFT
0,1544-JJMYL
0,1545-ACTAS
0,1545-JFUML
0,1548-ARAGG
0,1548-FEHVL
0,1550-EENBN
1,1550-LOAHA
0,1552-AAGRX
0,1552-CZCLL
1,1555-DJEQW
0,1561-BWHIN
0,1563-IWQEX
0,1564-HJUVY
1,1564-NTYXF
1,1565-RHDJD
1,1567-DSCIC
0,1568-BEKZM
0,1568-LJSZU
1,1569-TTNYJ
0,1573-LGXBA
0,1574-DYCWE
0,1575-KRZZE
0,1576-PFZIW
1,1577-HKTFG
1,1579-KLYDT
0,1580-BMCMR
1,1582-RAFML
1,1585-MQSSU
1,1589-AGTLK
0,1591-MQJTP
1,1591-NFNLQ
0,1591-XWLGB
1,1596-BBVTG
1,1597-FZREH
1,1597-LHYNC
0,1599-MMYRQ
0,1600-DILPE
0,1614-JBEBI
1,1623-NLDOT
1,1624-NALOJ
1,1624-WOIWJ
1,1625-JAIIY
1,1626-ERCMM
0,1627-AFWVJ
0,1628-BIZYP
0,1629-DQQVB
0,1635-FJFCC
0,1635-NZATJ
0,1636-NTNCO
0,1640-PLFMP
0,1641-BYBTK
0,1641-RQDAY
0,1642-HMARX
0,1656-DRSMG
0,1657-DYMBM
1,1658-BYGOY
0,1658-TJVOA
0,1658-XUHBX
0,1661-CZBAU
0,1663-MHLHE
0,1666-JXLKU
0,1666-JZPZT
1,1670-SVOWZ
0,1676-MQAOA
1,1678-FYZOW
0,1679-JRFBR
0,1682-VCOIO
0,1684-FLBGS
0,1685-VAYJF
0,1686-STUHN
1,1689-MRZQR
0,1689-YQBYY
0,1696-HXOWK
0,1697-BCSHV
0,1697-LYYYX
0,1697-NVVGY
0,1698-XFZCI
0,1699-TLDLZ
0,1702-CCFNJ
0,1705-GUHPV
0,1708-PBBOA
0,1709-EJDOX
0,1710-RCXUS
1,1723-HKXJQ
1,1724-BQUHA
0,1724-IQWNM
1,1725-IQNIY
1,1725-MIMXW
0,1728-CXQBE
0,1729-VLAZJ
0,1730-VFMWO
0,1730-ZMAME
1,1731-TVIUK
0,1732-FEKLD
1,1732-VHUBQ
0,1734-ZMNTZ
1,1740-CSDJP
0,1741-WTPON
0,1744-JHKYS
0,1746-TGTWV
1,1750-CSKKM
0,1751-NCDLI
0,1752-OZXFY
0,1754-GKYPY
0,1755-RMCXH
0,1757-TCATG
0,1760-CAZHT
0,1763-KUAAW
0,1764-VUUMT
0,1766-GKNMI
0,1767-CJKBA
0,1767-TGTKO
0,1768-HNVGJ
1,1771-OADNZ
0,1775-KWJKQ
0,1776-SPBWV
0,1779-PWPMG
0,1784-EZDKJ
0,1790-NESIO
1,1792-UXAFY
1,1794-HBQTJ
0,1794-SWWKL
0,1796-JANOW
0,1803-BGNBD
1,1809-DMJHQ
0,1810-BOHSY
0,1810-MVMAI
0,1813-JLKWR
0,1813-JYWTO
0,1814-DKOLC
0,1814-WFGVS
0,1816-FLZDK
0,1818-ESQMW
0,1821-BUCWY
0,1830-GGFNM
0,1830-IPXVJ
0,1832-PEUTS
0,1834-ABKHQ
0,1837-YQUCE
0,1839-UMACK
0,1840-BIUOG
0,1841-YSJGV
1,1842-EZJMK
0,1845-CSBRZ
0,1845-ZLLIG
1,1846-XWOQN
0,1848-LBZHY
0,1849-RJYIG
0,1852-QSWCD
0,1852-XEMDW
0,1853-ARAAQ
1,1853-UDXBW
0,1855-CFULU
1,1862-SKORY
0,1866-DIOQZ
0,1866-NXPSP
0,1866-OBPNR
1,1866-RZZQS
0,1866-ZSLJM
1,1867-BDVFH
0,1867-TJHTS
1,1871-MOWRM
0,1877-HKBQX
1,1891-FZYSA
0,1891-QRQSA
1,1891-UAWWU
1,1894-IGFSG
0,1895-QTKDO
0,1897-OKVMW
0,1897-RCFUM
0,1898-JSNDC
1,1899-VXWXM
1,1902-XBTFB
0,1904-WAJAA
0,1905-OEILC
1,1907-UBQFC
0,1907-YLNYW
0,1910-FMXJM
1,1915-IOFGU
0,1915-OAKWD
0,1921-KYSAY
0,1925-LFCZZ
1,1925-TIBLE
0,1926-QUZNN
0,1927-QEWMY
0,1928-BXYIV
0,1929-ZCBHE
0,1930-BZLHI
0,1930-QPBVZ
0,1934-MKPXS
1,1934-SJVJK
0,1935-IMVBB
0,1936-CZAKF
0,1936-UAFEH
0,1937-OTUKY
0,1941-HOSAM
0,1942-OQFRW
0,1950-KSVVJ
0,1951-IEYXM
0,1952-DVVSW
0,1955-IBMMB
0,1958-RNRKS
0,1960-UOTYM
0,1960-UYCNN
1,1963-SVUCV
1,1963-VAUKV
0,1964-SVLEA
1,1965-DDBWU
0,1971-DTCZB
0,1972-XMUWV
0,1976-AZZPJ
1,1976-CFOCS
1,1977-STDKI
1,1980-KXVPM
1,1981-INRFU
0,1982-FEBTD
1,1984-FCOWB
0,1985-MBRYP
0,1986-PHGZF
0,1987-AUELQ
1,1989-PRJHP
0,1996-DBMUS
0,1998-VHJHK
0,2000-DHJUY
0,2000-MPKCA
0,2001-EWBQU
0,2001-MCUUW
1,2002-MZHWP
1,2003-CKLOR
1,2004-OCQXK
0,2005-DWQZJ
0,2007-QVGAW
1,2011-TRQYE
1,2012-NWRPA
1,2013-SGDXK
0,2014-MKGMH
0,2017-CCBLH
0,2018-PZKMU
0,2018-QKYGT
0,2019-HDCZY
0,2023-VQFDL
1,2024-BASKD
1,2025-JKFWI
1,2026-TGDHM
0,2027-CWDNU
1,2027-FECZV
1,2027-OAQQC
0,2027-WKXMW
1,2034-CGRHZ
1,2034-GDRCN
1,2037-SGXHH
0,2038-LLMLM
0,2038-OEQZH
0,2038-YSEZE
0,2039-JONDJ
0,2040-LDIWQ
0,2040-OBMLJ
0,2040-VZIKE
0,2040-XBAVJ
0,2041-JIJCI
0,2043-WVTQJ
0,2045-BMBTJ
0,2049-BAFNW
0,2050-ONYDQ
0,2055-BFOCC
0,2056-EVGZL
1,2057-ZBLPD
1,2058-DCJBE
0,2061-VVFST
0,2065-MMKGR
0,2068-WWXQZ
1,2070-FNEXE
0,2072-ZVJJX
0,2073-QBVBI
1,2074-GKOWZ
0,2074-GUHPQ
0,2075-PUEPR
0,2075-RMJIK
0,2077-DDHJK
1,2079-FBMZK
0,2080-CAZNM
0,2080-GKCWQ
0,2080-SRCDE
0,2081-KJSQF
0,2081-VEYEH
1,2082-CEFLT
0,2085-BOJKI
0,2085-JVGAD
0,2087-QAREY
0,2088-IEBAU
0,2091-GPPIQ
1,2091-MJTFX
1,2091-RFFBA
0,2096-XOTMO
0,2097-YVPKN
0,2101-RANCD
0,2105-PHWON
0,2107-FBPTK
0,2108-GLPQB
1,2108-YKQTY
0,2111-DWYHN
1,2114-MGINA
0,2120-SMPEX
0,2121-JAFOM
0,2122-SZZZD
0,2123-AGEEN
0,2123-VSCOT
0,2126-GSEGL
0,2129-ALKBS
0,2133-TSRRM
0,2135-DQWAQ
1,2135-RXIHG
0,2137-DQMEV
0,2138-VFAPZ
0,2139-FQHLM
1,2141-RRYGO
0,2143-LJULT
0,2144-BFDSO
0,2144-ESWKO
0,2146-EGVDT
0,2150-OEGBV
1,2150-UWTFY
0,2150-WLKUW
1,2153-MREFK
1,2154-KVJFF
1,2157-MXBJS
0,2159-TURXX
0,2162-FRZAA
0,2164-SOQXL
0,2167-FQSTQ
0,2169-RRLFW
0,2171-UDMFD
0,2172-EJXVF
0,2176-LVPNX
0,2176-OSJUV
0,2178-PMGCJ
1,2180-DXNEG
0,2181-UAESM
0,2186-QZEYA
1,2187-LZGPL
0,2187-PKZAY
0,2188-SXWVT
0,2190-BCXEC
0,2190-PHBHR
0,2192-CKRLV
0,2192-OZITF
0,2193-SFWQW
0,2195-VVRJF
1,2195-ZRVAX
0,2197-OMWGI
0,2200-DSAAL
1,2202-CUYXZ
0,2202-OUTMO
0,2203-GHNWN
0,2205-LPVGL
1,2207-NHRJK
1,2207-OBZNX
0,2207-RYYRL
0,2208-MPXIO
0,2208-NKVVH
0,2208-NQBCT
0,2208-UGTGR
0,2211-RMNHO
0,2212-LYASK
0,2215-ZAFGX
0,2223-GDSHL
1,2225-ZRGSG
0,2226-ICFDO
0,2227-JRSJX
0,2228-BZDEE
0,2229-DPMBI
0,2229-VWQJH
0,2230-XTUWL
0,2233-FAGXV
0,2234-EOFPT
0,2235-EZAIK
1,2235-ZGKPT
0,2236-HILPA
1,2237-ZFSMY
1,2239-JALAW
0,2240-HSJQD
0,2242-MFOTG
0,2243-FNMMI
0,2245-ADZFJ
1,2249-YPRNG
0,2250-IVBWA
0,2251-PYLPB
0,2252-ISRNH
0,2252-NKNSI
0,2253-KPMNB
0,2254-DLXRI
0,2256-YLYLP
0,2257-BOVXD
0,2259-OUUSZ
0,2262-SLNVK
0,2263-SFSQZ
1,2265-CYWIV
0,2266-SJNAT
0,2267-FPIMA
0,2270-CHBFN
0,2272-JKMSI
1,2272-QAGFO
0,2272-UOINI
0,2272-WUSPA
0,2274-XUATA
0,2277-AXSDC
0,2277-BKJKN
0,2277-DJJDL
0,2277-VWCNI
0,2279-AXJJK
0,2282-YGNOR
0,2284-VFLKH
0,2293-IJWPS
0,2294-DMMUS
0,2294-SALNE
0,2300-RQGOI
1,2302-ANTDP
0,2302-OUZXB
0,2303-PJYHN
0,2305-MRGLV
1,2309-OSFEU
1,2311-QYMUQ
0,2314-TNDJQ
0,2316-ESMLS
1,2320-JRSDE
0,2320-SLKMB
0,2320-TZRRH
0,2320-YKQBO
1,2321-OMBXY
0,2322-VCZHZ
0,2324-AALNO
0,2324-EFHVG
0,2325-NBPZG
0,2325-WINES
1,2325-ZUSFD
0,2330-PQGDQ
1,2332-EFBJY
0,2332-TODQS
0,2335-GSODA
0,2338-BQEZT
1,2344-JMOGN
0,2346-DJQTB
0,2346-LOCWC
0,2347-WKKAE
0,2348-KCJLT
0,2351-RRBUE
1,2357-COQEK
1,2359-KMGLI
1,2359-QWQUL
0,2360-RDGRO
0,2361-FJWNO
0,2361-UPSND
1,2362-IBOOY
0,2363-BJLSL
0,2364-UFROM
0,2368-GAKKQ
0,2369-FEVNO
1,2369-UAPKZ
0,2371-JUNGC
0,2371-KFUOG
1,2372-HWUHI
0,2373-NTKOD
0,2378-HTWFW
0,2378-VTKDH
0,2378-YIZKA
1,2379-ENZGV
0,2379-GYFLQ
0,2380-DAMQP
1,2386-LAHRK
0,2388-LAESQ
1,2391-SOORI
0,2393-DIVAI
1,2397-BRLOM
1,2398-YPMUR
0,2400-FEQME
0,2400-XIWIO
0,2402-TAIRZ
1,2403-BCASL
0,2404-JIBFC
0,2405-LBMUW
0,2408-PSJVE
1,2408-TZMJL
1,2408-WITXK
0,2410-CIYFZ
0,2418-TPEUN
0,2419-FSORS
0,2424-WVHPL
0,2428-HYUNX
0,2428-ZMCTB
0,2429-AYKKO
0,2430-RRYUW
1,2430-USGXP
1,2433-KMEAS
0,2434-EEVDB
0,2439-LYPMQ
0,2439-QKJUL
1,2446-PLQVO
0,2446-ZKVAF
0,2450-ZKEED
0,2452-KDRRH
0,2452-MRMZF
0,2452-SNHFZ
0,2453-SAFNS
1,2454-RPBRZ
0,2455-USLMV
1,2460-FPSYH
1,2462-XIIJB
0,2466-FCCPT
0,2466-NEJOJ
0,2468-SJFLM
0,2469-DTSGX
1,2472-OVKUP
1,2474-BRUCM
0,2474-LCNUE
0,2475-MROZF
0,2476-YGEFM
0,2478-EEWWM
1,2479-BRAMR
0,2480-EJWYP
0,2480-SQIOB
0,2481-SBOYW
1,2482-CZGBB
0,2483-XSSMZ
1,2484-DGXPZ
1,2485-ITVKB
0,2486-WYVVE
0,2495-KZNFB
0,2495-TTHBQ
0,2498-XLDZR
0,2501-XWWTZ
0,2504-DSHIH
1,2506-CLAKW
1,2506-TNFCO
0,2507-QZPQS
0,2509-TFPJU
0,2511-ALLCS
0,2511-MORQY
0,2516-XSJKX
0,2519-ERQOJ
1,2519-FAKOD
0,2519-LBNQL
0,2519-TWKFS
0,2520-SGTTA
0,2521-NPUZR
0,2522-AHJXR
0,2522-WLNSF
0,2523-EWWZL
0,2525-GVKQU
1,2530-ENDWQ
0,2530-FMFXO
1,2533-QVMSK
0,2533-TIBIX
0,2538-OIMXF
0,2541-YGPKE
0,2542-HYGIQ
0,2545-EBUPK
0,2545-LXYVJ
0,2546-KZAAT
0,2550-AEVRU
0,2550-QHZGP
0,2558-BUOZZ
0,2560-WBWXF
1,2565-JSLRY
1,2568-BRGYX
1,2568-OIADY
0,2569-WGERO
1,2575-GFSOE
0,2577-GVSIL
0,2580-ASVVY
0,2580-ATZSQ
0,2581-VKIRT
0,2582-FFFZR
0,2585-KTFRE
0,2586-CWXVV
0,2587-YNLES
0,2592-HODOV
1,2592-SEIFQ
0,2592-YKDIF
0,2595-KIWPV
0,2599-CIPQE
0,2599-CZABP
0,2603-HVKCG
0,2604-IJPDU
1,2606-RMDHZ
0,2607-DHDAK
0,2607-FBDFF
1,2608-BHKFN
1,2609-IAICY
0,2612-PHGOX
1,2612-RANWT
0,2616-FLVQC
0,2621-UDNLU
0,2623-DRYAM
0,2625-TRCZQ
1,2626-URJFX
0,2626-VEEWG
0,2632-IVXVF
0,2632-TACXW
1,2632-UCGVD
1,2636-ALXXZ
1,2636-OHFMN
0,2636-SJDOU
1,2642-DTVCO
0,2642-MAWLJ
1,2645-QTLMB
0,2649-HWLYB
0,2650-GYRYL
0,2651-ZCBXV
0,2654-VBVPB
1,2656-FMOKZ
1,2656-TABEH
1,2657-ALMWY
0,2657-VPXTA
1,2659-VXMWZ
1,2660-EMUBI
0,2662-NNTDK
0,2664-XJZNO
0,2665-NPTGL
0,2669-OIDSD
0,2669-QVCRG
1,2672-DZUOY
1,2672-HUYVI
0,2672-OJQZP
0,2672-TGEFF
0,2673-CXQEU
0,2673-ZALNP
0,2674-MIAHT
0,2674-MLXMN
0,2675-DHUTR
0,2675-IJRGJ
0,2675-OTVVJ
0,2676-OXPPQ
0,2676-SSLTO
0,2680-XKKNJ
0,2682-KEVRP
1,2683-BPJSO
0,2683-JXWQQ
1,2684-EIWEO
1,2685-SREOM
0,2688-BHGOG
1,2691-NZETQ
0,2692-AQCPF
0,2692-BUCFV
0,2692-PFYTJ
0,2694-CIUMO
0,2696-ECXKC
1,2696-NARTR
0,2696-RZVZW
0,2697-NQBPF
0,2700-LUEVA
0,2706-QZIHY
0,2709-UQGNP
0,2710-WYVXG
0,2712-SYWAY
0,2716-GFZOR
0,2717-HVIZY
1,2718-GAXQD
1,2719-BDAQO
0,2720-FVBQP
1,2720-WGKHP
1,2722-JMONI
1,2722-VOJQL
0,2724-FJDYW
0,2725-IWWBA
1,2725-KXXWT
0,2725-TTRIQ
0,2729-VNVAP
0,2731-GJRDG
0,2732-ISEZX
1,2737-WFVYW
1,2737-YNGYW
0,2739-CACDQ
0,2740-JFBOK
0,2740-TVLFN
1,2748-MYRVK
0,2749-CTKAJ
0,2753-JMMCV
0,2754-SDJRD
1,2754-VDLTR
1,2754-XBHTB
1,2761-OCIAX
0,2761-XECQW
0,2773-OVBPK
1,2774-LVQUS
0,2775-SEFEE
1,2777-PHDEI
1,2778-OCLGR
0,2782-LFZVW
0,2786-GCDPI
0,2788-CJQAQ
0,2789-HQBOU
0,2790-XUYMV
0,2791-SFVEW
0,2792-VPPET
1,2794-XIMMO
0,2796-NNUFI
0,2799-TSLAG
0,2800-QQUSO
0,2800-VEQXM
0,2801-NISEI
0,2804-ETQDK
0,2805-AUFQN
0,2805-EDJPQ
0,2806-MLNTI
0,2808-CHTDM
0,2809-ILCYT
0,2809-ZMYOQ
1,2810-FTLEM
0,2811-POVEX
0,2812-ENYMO
0,2812-REYAT
0,2812-SFXMJ
1,2815-CPTUL
0,2817-LVCPP
1,2817-NTQDO
0,2819-GWENI
0,2821-WARNZ
0,2823-LKABH
0,2824-DXNKN
0,2826-DXLQO
0,2826-UWHIS
0,2828-SLQPF
0,2829-HYVZP
0,2830-LEWOA
0,2831-EBWRN
0,2832-KJCRD
0,2832-SCUCO
1,2833-SLKDQ
0,2834-JKOOW
1,2834-SPCJV
1,2840-XANRC
0,2842-BCQGE
1,2842-JTCCU
0,2843-CQMEG
1,2845-AFFTX
1,2845-HSJCY
0,2845-KDHVX
0,2851-MMUTZ
0,2851-STERV
0,2853-CWQFQ
1,2856-HYAPG
1,2856-NNASM
0,2858-EIMXH
1,2858-MOFSQ
1,2860-RANUS
0,2862-JVEOY
0,2862-PFNIK
0,2863-IMQDR
1,2865-TCHJW
0,2866-IKBTM
1,2867-UIMSS
0,2868-LLSKM
1,2868-MZAGQ
1,2868-SNELZ
1,2869-ADAWR
1,2873-ZLIWT
0,2874-YXVVA
0,2876-GZYZC
1,2876-VBBBL
0,2877-VDUER
0,2878-DHMIN
0,2878-RMWXY
0,2880-FPNAE
0,2882-DDZPG
0,2882-WDTBA
0,2883-ILGWO
1,2884-GBPFB
1,2886-KEFUM
0,2887-JPYLU
0,2888-ADFAO
1,2889-FPWRM
0,2896-TBNBE
0,2897-DOVND
1,2898-LSJGD
0,2900-PHPLN
0,2903-YYTBW
0,2904-GGUAZ
0,2907-ILJBN
0,2908-WGAXL
0,2908-ZTPNF
0,2911-IJORQ
0,2911-WDXMV
0,2916-BQZLN
1,2919-HBCJO
0,2920-RNCEZ
0,2924-KHUVI
0,2925-MXLSX
0,2926-JEJJC
0,2927-CVULT
0,2927-QRRQV
0,2928-HLDBA
1,2929-ERCFZ
1,2929-QNSRW
1,2930-UOTMB
0,2931-SVLTV
0,2931-VUVJN
0,2931-XIQBR
1,2933-FILNV
0,2933-XEUJM
0,2937-FTHUR
1,2947-DOMLJ
1,2951-QOQTK
1,2952-QAYZF
0,2954-PIBKO
1,2955-BJZHG
1,2956-GGUCQ
0,2957-JIRMN
1,2957-LOLHO
0,2958-NHPPS
0,2959-EEXWB
0,2959-FENLU
0,2960-NKRSO
0,2961-VNFKL
1,2962-XPMCQ
0,2967-MXRAV
1,2968-SSGAA
0,2969-QWUBZ
0,2969-VAPYH
0,2969-WGHQO
0,2971-SGAFL
0,2972-YDYUW
0,2974-GGUXS
0,2978-XXSOG
1,2979-SXESE
1,2982-IHMFT
0,2984-AFWNC
1,2984-MIIZL
0,2984-RGEYA
0,2984-TBYKU
0,2985-FMWYF
0,2985-JUUBZ
0,2987-BJXIK
0,2988-GBIVW
0,2988-PLAHS
0,2988-QRAJY
1,2990-HWIML
0,2990-IAJSV
0,2990-OGYTD
1,2995-UPRYS
0,2995-YWTCD
0,2996-XAUVF
0,2999-AANRQ
1,3001-CBHLQ
0,3002-WQZWT
0,3003-CMDUU
1,3005-NFMTA
0,3005-TYFRD
1,3006-XIMLN
0,3007-FDPEA
0,3011-WQKSZ
0,3012-VFFMN
0,3014-WJKSM
1,3018-TFTSU
0,3021-VLNRJ
1,3023-GFLBR
0,3026-ATZYV
0,3027-YNWZU
1,3027-ZTDHO
0,3030-YDNRM
1,3030-YZADT
1,3034-ZBEQN
0,3038-PQIUY
0,3039-MJSLN
0,3043-SUDUA
0,3043-TYBNO
1,3045-XETSH
1,3049-NDXFL
1,3049-SOLAY
0,3050-RLLXC
0,3055-MJDSB
0,3055-OYMSE
0,3055-VTCGS
0,3057-VJJQE
0,3058-WQDRE
0,3059-NGMXB
0,3061-BCKYI
0,3062-ICYZQ
1,3063-QFSZL
1,3066-RRJIO
0,3067-SVMTC
1,3068-OMWZA
0,3069-SSVSN
0,3070-BDOQC
1,3070-DVEYC
0,3070-FNFZQ
0,3071-MVJCD
0,3071-VBYPO
0,3082-VQXNH
0,3084-DOWLE
1,3085-QUOZK
0,3086-RUCRN
0,3088-FVYWK
0,3088-LHEFH
0,3090-LETTY
0,3090-QFUVD
1,3091-FYHKI
1,3092-IGHWF
0,3094-JOJAI
0,3096-GKWEB
1,3096-IZETN
1,3096-JRDSO
0,3096-WPXBT
0,3096-YXENJ
0,3097-IDVPU
1,3097-NQYSN
0,3097-PYWXL
0,3099-OONVS
1,3104-OWCGK
1,3106-ULWFW
0,3113-IWHLC
0,3115-CZMZD
0,3118-UHVVQ
0,3125-RAHBV
0,3126-WQMGH
0,3128-YOVTD
0,3129-AAQOU
0,3130-ICDUP
1,3132-TVFDZ
0,3133-PZNSR
0,3137-LUPIX
1,3138-BKYAV
1,3143-ILDAL
1,3143-JQEGI
1,3144-AUDBS
0,3146-JTQHR
0,3148-AOIQT
0,3154-CFSZG
0,3154-HMWUU
0,3156-QLHBO
1,3158-MOERK
0,3160-TYXLT
0,3161-ONRWK
0,3162-KKZXO
0,3162-ZJZFU
1,3164-AALRN
0,3164-YAXFY
1,3165-HDOEW
0,3167-SNQPL
0,3170-GWYKC
0,3170-NMYVV
0,3173-NVMPX
0,3173-WSSUE
0,3174-AKMAS
0,3174-RKMOW
1,3177-LASXD
0,3178-CIFOT
1,3178-FESZO
0,3179-GBRWV
0,3181-MIZBN
0,3186-AJIEK
1,3186-BAXNB
0,3190-FZATL
0,3190-ITQXP
0,3191-CSNMG
1,3192-NQECA
1,3194-ORPIK
0,3195-TQDZX
0,3196-NVXLZ
0,3197-ARFOY
0,3199-NPKCN
0,3199-XGZCY
0,3205-MXZRA
1,3207-OYBWH
1,3208-YPIOE
0,3209-ZPKFI
1,3211-ILJTT
0,3212-KXOCR
0,3213-VVOLG
0,3214-IYUUQ
1,3217-FZDMN
0,3219-JQRSL
0,3223-DWFIO
1,3223-WZWJM
0,3224-DFQNQ
0,3227-WLKLI
0,3229-USWAR
0,3230-IUALN
0,3230-JCNZS
1,3230-WYKIR
0,3234-VKACU
1,3235-ETOOB
1,3237-AJGEH
0,3239-TPHPZ
0,3243-ZHOHY
0,3244-CQPHU
1,3244-DCJWY
0,3247-MHJKM
1,3247-ZVOUO
1,3249-ZPQRG
0,3253-HKOKL
1,3254-YRILK
0,3255-GRXMG
0,3256-EZDBI
0,3258-SYSWS
0,3258-ZKPAI
0,3259-KNMRR
0,3259-QMXUN
0,3261-CQXOL
0,3262-EIDHV
0,3272-VUHPV
0,3274-NSDWE
0,3275-RHRNE
1,3276-HDUEG
0,3278-FSIXX
0,3279-DYZQM
0,3280-MRDOF
0,3280-NMUVX
0,3283-WCWXT
0,3284-SVCRO
1,3285-UCQVC
0,3292-PBZEJ
0,3295-YVUSR
0,3298-QEICA
0,3301-LSLWQ
0,3301-VKTGC
0,3307-TLCUD
0,3308-DGHKL
0,3308-JSGML
0,3308-MHOOC
0,3312-UUMZW
0,3312-ZWLGF
1,3313-QKNKB
0,3315-IKYZQ
1,3315-TOTBP
0,3316-UWXUY
1,3317-HRTNN
0,3317-VLGQT
1,3318-OSATS
0,3320-VEOYC
0,3323-CPBWR
0,3324-OIRTO
1,3325-FUYCG
0,3327-YBAKM
1,3329-WDIOK
1,3334-CTHOL
1,3336-JORSO
0,3338-CVVEH
0,3339-EAQNV
0,3345-JHUEO
0,3345-PBBFH
0,3347-YJZZE
1,3348-CFRNX
0,3349-ANQNH
0,3351-NGXYI
1,3351-NQLDI
0,3352-ALMCK
0,3352-RICWQ
0,3354-OADJP
0,3359-DSRKA
0,3363-DTIVD
0,3363-EWLGO
0,3370-GQEAL
0,3372-CDXFJ
0,3373-YZZYM
1,3374-LXDEV
0,3374-PZLXD
0,3374-TTZTK
1,3376-BMGFE
0,3378-AJRAO
0,3384-CTMSF
1,3387-VATUS
0,3391-JSQEW
0,3392-EHMNK
1,3393-FMZPV
0,3396-DKDEL
0,3397-AVTKU
1,3398-FSHON
1,3398-ZOUAA
0,3399-BMLVW
1,3400-ESFUW
0,3401-URHDA
0,3407-JMJQQ
0,3407-QGWLG
0,3410-MHHUM
0,3410-YOQBQ
0,3411-WLRSQ
0,3413-BMNZE
0,3413-CSSTH
0,3413-DHLPB
1,3415-TAILE
1,3419-SNJJD
0,3420-ZDBMA
0,3422-GALYP
1,3422-LYEPQ
0,3422-WJOYD
0,3423-HHXAO
1,3426-NIYYL
0,3427-GGZZI
0,3428-MMGUB
0,3429-IFLEM
0,3439-GVUSX
1,3440-JPSCL
0,3441-CGZJH
0,3442-ZHHCC
1,3445-HXXGF
0,3446-QDSZF
0,3451-VAWLI
0,3452-ABWRL
0,3452-FLHYD
0,3452-GWUIN
0,3452-SRFEG
0,3453-RTHJQ
0,3454-JFUBC
0,3457-PQBYH
0,3460-TJBWI
0,3462-BJQQA
0,3466-RITXD
0,3468-DRVQJ
0,3472-OAOOR
0,3472-QPRCH
1,3473-XIIIT
0,3474-BAFSJ
0,3481-JHUZH
0,3482-ABPKK
0,3486-KHMLI
0,3486-NPGST
1,3488-PGMQJ
0,3489-HHPFY
0,3496-LFSZU
0,3500-NSDOA
1,3500-RMZLT
0,3503-TYDAY
1,3506-LCJDC
0,3506-OVLKD
0,3508-CFVZL
0,3509-GWQGF
0,3511-APPBJ
0,3511-BFTJW
1,3512-IZIKN
0,3518-FSTWG
0,3518-PZXZQ
1,3519-ZKXGG
0,3520-FJGCV
0,3521-MNKLV
0,3522-CDKHF
0,3523-BRGUW
1,3523-QRQLL
0,3524-WQDSG
0,3525-DVKFN
0,3528-HFRIQ
0,3530-CRZSB
0,3530-VWVGU
0,3533-UVMOM
1,3536-IQCTX
0,3537-RYBHH
1,3538-WZPHD
1,3540-RZJYU
0,3544-FBCAS
0,3545-CNWRG
0,3546-GHEAE
0,3547-LQRIK
0,3549-ZTMNH
1,3550-SAHFP
1,3551-HUAZH
0,3552-CTCYF
0,3556-BVQGL
0,3557-HTYWR
0,3563-SVYLG
0,3566-CAAYU
0,3566-HJGPK
0,3566-VVORZ
0,3567-PQTSO
0,3569-EDBPQ
0,3569-JFODW
0,3569-VLDHH
0,3570-YUEKJ
0,3571-DPYUH
1,3571-RFHAR
0,3572-UOLYZ
0,3580-GICBM
0,3580-HYCSP
1,3580-REOAC
1,3583-EKAPL
0,3583-KRKMD
0,3585-YNADK
0,3588-WSTTJ
0,3589-PPVKW
0,3590-TCXTB
0,3594-BDSOA
0,3594-IVHJZ
1,3594-UVONA
0,3597-YASZG
0,3604-WLABM
0,3605-JISKB
0,3606-SBKRY
1,3606-TWKGI
0,3612-YUNGG
0,3617-XLSGQ
0,3620-EHIMZ
0,3620-MWJNE
1,3621-CEOVK
0,3621-CHYVB
0,3623-FQBOX
1,3627-FCRDW
1,3627-FHKBK
0,3629-ZNKXA
0,3633-CDBUW
0,3635-QQRQD
0,3638-DIMPH
0,3638-VBZTA
0,3640-JQGJG
1,3640-PHQXK
0,3642-BYHDO
1,3643-AHCFP
0,3644-QXEHN
0,3645-DEYGF
1,3647-GMGDH
0,3653-NCRDJ
0,3654-ARMGP
0,3655-SNQYZ
1,3656-TKRVZ
0,3657-COGMW
1,3658-KIBGF
0,3658-QQJYD
1,3663-MITLP
0,3665-JATSN
1,3669-LVWZB
1,3669-OYSJI
0,3669-WHAFY
1,3671-SHRSP
1,3672-YITQD
0,3675-EQOZA
1,3677-IYRBF
1,3677-TNKIO
0,3679-XASPY
1,3683-QKIUE
1,3685-YLCMQ
0,3692-JHONH
0,3694-DELSO
0,3694-GLTJM
0,3696-DFHHB
0,3696-XRIEN
0,3701-SFMUH
0,3703-KBKZP
0,3703-TTEPD
1,3703-VAVCL
0,3704-IEAXF
1,3705-PSNGL
1,3707-GNWHM
0,3709-OIJEA
0,3712-PKXZA
1,3714-JTVOV
0,3714-NTNFO
0,3714-XPXBW
1,3716-BDVDB
0,3716-LRGXK
0,3716-UVSPD
0,3717-FDJFU
0,3717-LNXKW
0,3717-OEAUQ
0,3717-OFRTN
0,3719-TDVQB
0,3720-DBRWL
1,3721-CNEYS
0,3721-CNZHX
0,3721-WKIIL
0,3723-BFBGR
0,3724-BSCVH
0,3724-UCSHY
0,3727-JEZTU
0,3727-OVPRY
0,3727-OWVYD
0,3733-LSYCE
0,3733-ZEECP
0,3736-BLEPA
1,3737-GCSPV
0,3737-XBQDD
0,3739-YBWAB
0,3740-RLMVT
0,3744-ZBHON
1,3744-ZRRDZ
0,3745-HRPHI
1,3746-EUBYR
0,3748-FVMZZ
1,3750-CKVKH
0,3750-RNQKR
1,3751-KTZEL
0,3752-CQSJI
1,3753-TSEMP
1,3754-DXMRT
0,3756-VNWDH
1,3757-NJYBX
0,3758-CKOQL
0,3761-FLYZI
0,3764-MNMOI
0,3766-EJLFL
1,3768-NLUBH
0,3768-VHXQO
0,3769-MHZNV
0,3771-PZOBW
0,3774-VBNXY
0,3777-XROBG
0,3780-DDGSE
0,3780-YVMFA
0,3785-KTYSH
0,3785-NRHYR
0,3786-WOVKF
0,3787-TRIAL
1,3791-LGQCY
1,3793-MMFUH
0,3795-CAWEX
0,3795-GWTRD
0,3796-ENZGF
0,3797-FKOGQ
1,3797-VTIDR
0,3798-EPWRR
0,3800-LYTRK
1,3801-HMYNL
1,3803-KMQFW
1,3804-RVTGV
1,3806-DXQOM
0,3806-YAZOV
0,3807-BPOMJ
0,3807-XHCJH
0,3808-HFKDE
0,3810-DVDQQ
0,3810-PJUHR
1,3811-VBYBZ
0,3812-LRZIR
1,3815-SLMEF
0,3823-KYNQY
0,3824-RHKVR
0,3831-YCPUO
1,3834-XUIFC
0,3836-FZSDJ
1,3838-OZURD
0,3841-CONLJ
1,3842-IYKUE
0,3845-FXCYS
0,3845-JHAMY
0,3847-BAERP
0,3850-OKINF
0,3853-LYGAM
1,3858-VOBET
1,3859-CVCET
1,3863-IUBJR
0,3863-QSTYI
0,3865-QBWSJ
0,3865-ZFZIB
1,3870-MQAMG
0,3870-SPZSI
1,3871-IKPYH
0,3873-NFTGI
0,3873-WOSBC
1,3874-EQOEP
0,3878-AVSOQ
0,3882-IYOIJ
0,3884-UEBXB
1,3886-CERTZ
0,3887-PBQAO
0,3889-VWBID
0,3891-NLXJB
1,3891-PUQOD
0,3892-NXAZG
0,3893-JRNFS
0,3896-ZVNET
0,3898-BSJYF
0,3898-GUYTS
1,3902-FOIGH
0,3902-MIVLE
1,3908-BLSYF
0,3908-MKIMJ
0,3911-RSNHI
0,3913-FCUUW
0,3913-RDSJZ
0,3914-FDRHP
0,3915-ODIYG
0,3916-NRPAP
0,3920-HIHMQ
1,3926-CUQZX
0,3926-YZVVX
0,3932-IJWDZ
0,3933-DQPWX
1,3934-HXCFZ
0,3935-TBRZZ
0,3936-QQFLL
0,3941-XTSKM
1,3943-KDREE
1,3945-GFWQL
1,3946-MHCZW
0,3948-FVVRP
0,3948-KXDUF
1,3948-XHGNA
0,3950-VPYJB
0,3951-NJCVI
0,3955-JBZZM
0,3956-CJUST
0,3956-MGXOG
0,3957-HHLMR
1,3957-LXOLK
0,3957-SQXML
0,3961-SXAXY
0,3963-RYFNS
0,3966-HRMZA
0,3967-KXAPS
0,3967-VQOGC
0,3969-GYXEL
0,3970-XGJDU
0,3973-SKMLN
1,3976-BWUCK
0,3976-HXHCE
0,3977-QCRSL
0,3978-YNKDD
0,3981-QSVQI
0,3982-DQLUS
0,3982-JGSFD
1,3982-XWFZQ
0,3985-HOYPM
0,3987-KQDDU
1,3990-QYKBE
0,3996-ZNWYK
1,3999-QGRJH
0,3999-WRNGR
0,4000-VGMQP
0,4001-TSBTV
0,4003-FUSHP
0,4003-OCTMP
0,4006-HKYHO
1,4009-ALQFH
0,4010-YLMVT
0,4011-ARPHK
0,4012-YCFAI
0,4012-ZTHBR
1,4013-UBXWQ
0,4018-KJYUY
0,4018-PPNDW
0,4020-KIUDI
1,4021-RQSNY
0,4023-RTIQM
0,4024-CSNBY
0,4026-SKKHW
0,4029-HPFVY
1,4030-VPZBD
1,4039-HEUNW
0,4039-PIMHX
0,4043-MKDTV
0,4049-ZPALD
0,4056-QHXHZ
0,4057-FKCZK
0,4059-IIEBK
0,4060-LDNLU
0,4061-UKJWL
0,4063-EIKNQ
0,4065-JJAVA
0,4070-OKWVH
0,4072-IPYLT
1,4074-SJFFA
0,4075-WKNIU
1,4077-CROMM
0,4077-HWUYD
0,4079-ULGFR
0,4079-VTGLK
1,4080-OGPJL
1,4081-DYXAV
0,4083-BFNYK
1,4083-EUGRJ
0,4086-ATNFV
0,4086-WITJG
1,4086-YQSNZ
1,4088-YLDSU
0,4092-OFQZS
1,4094-NSEDU
0,4098-NAUKP
0,4102-HLENU
1,4102-OQUPX
0,4104-PVRPS
0,4109-CYRBD
1,4110-PFEUZ
0,4111-BNXIF
1,4112-LUEIZ
0,4114-QMKVN
0,4115-UMJFQ
0,4116-IQRFR
0,4119-ZYPZY
0,4123-DVHPH
0,4128-ETESU
0,4129-LYCOI
0,4130-MZLCC
0,4132-KALRO
0,4132-POCZS
0,4134-BSXLX
0,4135-FRWKJ
0,4137-BTIKL
0,4137-JOPHL
0,4138-NAXED
0,4139-DETXS
0,4139-JPIAM
1,4139-SUGLD
1,4140-MUHUG
1,4140-WJAWW
1,4143-HHPMK
1,4145-UQXUQ
1,4154-AQUGT
0,4159-NAAIX
1,4160-AMJTL
0,4163-NCJAK
1,4174-LPGTI
0,4176-RELJR
0,4177-JPDFU
0,4182-BGSIQ
1,4183-WCSEP
0,4184-VODJZ
1,4187-CINZD
0,4188-FRABG
0,4188-PCPIG
0,4189-NAKJS
1,4192-GORJT
1,4193-ORFCL
0,4194-FJARJ
0,4194-WHFCB
0,4195-NZGTA
1,4195-SMMNX
0,4198-VFOEA
0,4199-QHJNM
1,4201-JMNGR
1,4208-UFFGW
1,4210-QFJMF
1,4211-MMAZN
0,4213-HKBJO
0,4220-TINQT
0,4223-WOZCM
0,4227-OJHAL
1,4228-ZGYUW
0,4232-JGKIY
0,4234-XTNEA
0,4236-UJPWO
1,4236-XPXAV
0,4237-CLSMM
1,4237-RLAQD
1,4248-HCETZ
1,4250-FDVOU
0,4250-WAROZ
0,4254-QPEDE
1,4255-DDUOU
0,4256-ZWTZI
0,4257-GAESD
0,4273-MBHYA
0,4274-DRSQT
1,4274-OWWYO
0,4277-BWBML
1,4277-PVRAN
0,4277-UDIEF
0,4280-DLSHD
0,4282-ACRXS
0,4282-MSACW
1,4282-YMKNA
1,4283-FUTGF
0,4283-IVYCI
1,4285-GYRQC
1,4289-DTDKW
1,4290-BSXUX
0,4291-HPAXL
0,4291-HYEBC
0,4291-SHSBH
0,4291-TPNFG
0,4291-YZODP
0,4293-ETKAP
0,4295-YURET
0,4298-OYIFC
0,4299-OPXEJ
0,4299-SIMNS
0,4301-VVZKA
0,4302-ZYFEL
0,4304-XUMGI
1,4307-KTUMW
0,4307-KWMXE
0,4310-KEDTB
0,4312-GVYNH
0,4312-KFRXN
1,4315-MURBD
0,4316-XCSLJ
1,4317-VTEOA
0,4318-RAJVY
0,4320-QMLLA
0,4323-ELYYB
0,4323-OHFOW
1,4323-SADQS
0,4324-AHJKS
0,4324-BZCKL
1,4325-NFSKC
0,4328-VUFWD
0,4329-YPDDQ
0,4332-MUOEZ
0,4335-UPJSI
1,4342-HENTK
0,4343-EJVQB
1,4349-GFQHK
0,4355-CVPVS
1,4355-HBJHH
0,4359-INNWN
0,4360-PNRQB
0,4360-QRAVE
1,4361-BKAXE
0,4361-FEBGN
0,4365-MSDYN
0,4366-CTOUZ
0,4367-NHWMM
0,4367-NUYAO
0,4369-NYSCF
1,4373-MAVJG
0,4373-VVHQL
0,4376-KFVRS
0,4377-VDHYI
0,4378-BZYFP
0,4378-MYPGO
1,4385-GZQXV
0,4385-ZKVNW
0,4389-UEFCZ
1,4390-KYULV
1,4391-RESHN
0,4393-OBCRR
0,4393-RYCRE
0,4397-FRLTA
1,4398-HSCJH
0,4402-FTBXC
0,4403-BWPAY
1,4404-HIBDJ
1,4412-YLTKF
1,4415-IJZTP
0,4415-WNGVR
0,4418-LZMSV
0,4419-UJMUS
0,4422-QVIJA
0,4423-JWZJN
1,4423-YLHDV
1,4424-TKOPW
0,4425-OWHWB
0,4429-WYGFR
1,4430-UZIPO
0,4430-YHXGG
1,4433-JCGCG
1,4439-JMPMT
0,4439-YRNVD
0,4443-EMBNA
0,4445-ZJNMU
1,4446-BZKHU
0,4450-DLLMH
0,4450-MDZFX
0,4450-YOOHP
0,4451-RWASJ
0,4452-QIIEB
0,4452-ROHMO
0,4455-BFSPD
0,4458-KVRBJ
0,4459-BBGHE
0,4462-CYWMH
1,4464-JCOLN
0,4465-VDKIQ
1,4471-KXAUH
0,4472-LVYGI
0,4472-VESGY
0,4475-NVTLU
0,4476-OSWTN
0,4480-MBMLB
0,4482-EWFMI
0,4482-FTFFX
1,4484-CGXFK
1,4484-GLZOU
0,4486-EFAEB
1,4488-PSYCG
1,4489-SNOJF
0,4500-HKANN
1,4501-EQDRN
0,4501-UYKBC
0,4501-VCPFK
1,4503-BDXBD
0,4504-YOULA
1,4505-EXZHB
0,4508-OEBEY
1,4510-HIMLV
1,4510-PYUSH
1,4512-ZUIYL
0,4513-CXYIX
1,4514-GFCFI
0,4518-FZBSX
0,4521-WFJAI
0,4521-YEEHE
1,4523-WXCEF
0,4524-QCSSM
0,4525-VZCZG
0,4526-EXKKN
0,4526-RMTLL
0,4526-ZJJTM
1,4529-CKBCL
0,4530-NDRKU
0,4534-WGCIR
0,4536-PLEQY
0,4537-CIBHB
0,4537-DKTAL
0,4538-WNTMJ
1,4541-RMRLG
0,4546-FOKWR
0,4547-FZJWE
1,4547-KQRTM
1,4547-LYTDD
1,4548-SDBKE
0,4549-ZDQYY
1,4550-EVXNY
1,4550-VBOFE
0,4553-DVPZG
1,4554-YGZIH
1,4558-FANTW
0,4559-UWIHT
0,4565-EVZMJ
0,4565-NLZBV
1,4566-GOLUK
0,4566-NECEV
0,4568-KNYWR
0,4568-TTZRT
0,4570-QHXHL
0,4573-JKNAE
1,4576-CSAJH
1,4580-TMHJU
0,4581-LNWUM
1,4581-SSPWD
0,4584-LBNMK
1,4585-HETAI
1,4587-VVTOX
1,4588-YBNIB
1,4592-IWTJI
1,4597-ELFTS
1,4597-NUCQV
1,4598-XLKNJ
0,4598-ZADCK
1,4603-JANFB
1,4607-CHPCA
0,4611-ANLQC
0,4612-SSVHJ
1,4612-THJBS
1,4614-NUVZD
0,4615-PIVVU
0,4616-EWBNJ
0,4616-ULAOA
0,4619-EVPHY
0,4623-ZKHLY
0,4625-LAMOB
0,4625-XMOYM
1,4626-GYCZP
0,4627-MIHJH
1,4628-CTTLA
1,4629-NRXKX
1,4631-OACRM
0,4632-PAOYU
0,4632-XJMEX
0,4633-MKHYU
0,4635-EJYPD
0,4636-JGAAI
0,4636-OLWOE
1,4636-QRJKY
1,4640-UHDOS
0,4641-FROLU
0,4644-OBGFZ
0,4644-PIZRT
0,4646-QZXTF
0,4648-YPBTM
1,4652-NNHNY
0,4652-ODEVH
0,4654-DLAMQ
0,4654-GGUII
0,4656-CAURT
1,4658-HCOHW
0,4660-IRIBM
0,4661-NJEUX
1,4662-EKDPQ
0,4664-NJCMS
0,4667-QONEA
0,4673-KKSLS
0,4674-HGNUA
0,4676-MQUEA
0,4676-WLUHT
1,4678-DVQEO
0,4682-BLBUC
0,4683-WYDOU
0,4685-ERGHK
0,4686-GEFRM
0,4686-UXDML
1,4690-LLKUA
0,4690-PKDQG
0,4692-NNQRU
0,4693-VWVBO
0,4694-PHWFW
1,4695-WJZUE
0,4698-KVLLG
1,4701-AHWMW
0,4701-LKOZD
1,4701-MLJPN
0,4703-MQYKT
1,4704-ERYFC
1,4706-AXVKM
0,4706-DGAHW
0,4707-MAXGU
0,4709-LKHYG
0,4712-AUQZO
0,4712-UYOOI
1,4713-LZDRV
0,4713-ZBURT
0,4716-HHKQH
0,4716-MRVEN
0,4718-WXBGI
0,4719-UMSIY
0,4723-BEGSG
0,4724-WXVWF
0,4726-DLWQN
0,4727-MCYZG
1,4729-XKASR
0,4732-RRJZC
1,4735-ASGMA
0,4735-BJKOU
0,4741-WWJQZ
0,4742-DRORA
0,4742-TXUEX
1,4745-LSPLO
0,4749-OJKQU
1,4749-VFKVB
0,4750-UKWJK
1,4750-ZRXIU
0,4751-ERMAN
0,4753-PADAS
0,4759-PXTAN
1,4759-TRPLW
0,4760-THGOT
1,4760-XOHVN
1,4763-PGDPO
0,4767-HZZHQ
0,4770-QAZXN
0,4770-UEZOX
0,4774-HHGGS
0,4776-XSKYQ
0,4778-IZARL
0,4779-ZGICK
0,4782-OSFXZ
0,4785-FCIFB
1,4785-QRJHC
1,4786-UKSNZ
1,4789-KWMXN
1,4795-KTRTH
0,4795-UXVCJ
1,4797-AXPXK
0,4797-MIWUM
1,4800-VHZKI
0,4801-JZAZL
0,4801-KFYKL
1,4803-AXVYP
0,4804-NCPET
0,4806-DXQCE
1,4806-HIPDW
1,4806-KEXQR
0,4807-IZYOZ
0,4808-YNLEU
0,4811-JBUVU
0,4815-GBTCD
0,4815-TUMEQ
0,4815-YOSUK
1,4816-JBHOV
1,4816-LXZYW
0,4816-OKWNX
0,4817-KEQSP
1,4817-QRJSX
1,4817-VYYWS
1,4818-DRBQT
0,4819-HJPIW
0,4821-SJHJV
0,4821-WQOYN
1,4822-NGOCH
1,4822-RVYBB
1,4822-YCXMX
0,4825-FUREZ
0,4825-XJGDM
0,4826-DXMUP
0,4826-TZEVA
1,4826-XTSOH
0,4827-DPADN
0,4827-LTQRJ
0,4827-USJHP
0,4828-FAZPK
1,4829-AUOAX
0,4829-ZLJTK
0,4830-FAXFM
1,4831-EOBFE
0,4835-YSJMR
0,4836-WNFNO
0,4837-PZTIC
0,4837-QUSFT
0,4840-ORQXB
1,4847-QNOKA
0,4847-TAJYI
0,4851-BQDNX
0,4853-OITSN
1,4853-RULSV
0,4854-CIDCF
0,4854-SSLTN
1,4855-SNKMY
0,4859-ZSRDZ
0,4860-IJUDE
0,4860-YZGZM
0,4868-AADLV
0,4869-EPIUS
1,4871-JTKJF
0,4872-JCVCA
0,4872-VXRIL
1,4873-ILOLJ
1,4877-EVATK
0,4877-TSOFF
0,4878-BUNFV
0,4879-GZLFH
0,4881-GQJTW
0,4881-JVQOD
0,4883-KCPZJ
1,4883-QICIH
0,4884-LEVMQ
0,4884-TVUQF
0,4884-ZTHVF
0,4890-VMUAV
0,4891-NLUBA
1,4892-VLANZ
0,4893-GYUJU
1,4895-TMWIR
0,4900-MSOMT
1,4902-OHLSK
0,4903-CNOZC
1,4905-JEFDW
0,4906-ZHGPK
0,4908-XAXAY
0,4909-JOUPP
1,4910-AQFFX
1,4910-GMJOT
1,4911-BANWH
0,4912-PIGUY
1,4913-EHYUI
1,4918-QLLIW
1,4919-IKATY
0,4923-ADWXJ
1,4925-LMHOK
0,4926-UMJZD
0,4927-WWOOZ
1,4929-BSTRX
0,4929-XIHVW
0,4931-TRZWN
0,4933-BSAIP
0,4933-IKULF
0,4937-QPZPO
0,4939-KYYPY
0,4940-KHCWD
0,4942-VZZOM
1,4946-EDSEW
0,4947-DSMXK
0,4948-WBBKL
0,4950-BDEUX
0,4950-HKQTE
1,4951-UKAAQ
1,4952-YSOGZ
0,4957-TIALW
0,4957-TREIR
1,4958-XCBDQ
1,4959-JOSRX
0,4962-CHQPW
1,4971-PUYQO
0,4973-MGTON
0,4979-HPRFL
0,4980-URKXC
0,4981-FLTMF
0,4983-CCWMC
0,4983-CLMLV
0,4986-MXSFP
0,4987-GQWPO
0,4989-LIXVT
0,4990-ALDGW
0,4992-LTJNE
0,4993-JCRGJ
0,4994-OBRSZ
0,4998-IKFSE
0,5002-GCQFH
0,5003-OKNNK
0,5003-XZWWO
0,5006-MXVRN
0,5010-IPEAQ
0,5012-YSPJJ
0,5014-WUQMG
1,5016-ETTFF
0,5016-IBERQ
0,5016-LIPDW
0,5018-GWURO
0,5018-LXQQG
0,5019-GQVCR
1,5020-ZSTTY
0,5022-JNQEQ
0,5022-KVDQT
0,5025-GOOKI
1,5027-QPKTE
1,5027-XWQHA
0,5027-YOCXN
1,5028-GZLDO
1,5028-HTLJB
0,5032-MIYKT
0,5032-USPKF
0,5035-BVCXS
0,5035-PGZXH
0,5039-LZRQT
0,5043-TRZWM
0,5044-LRQAQ
0,5044-XDPYX
0,5046-NUHWD
1,5047-LHVLY
1,5049-GLYVG
0,5049-MUBWG
1,5052-PNLOS
1,5054-IEXZT
0,5055-BRMNE
0,5055-MGMGF
1,5057-LCOUI
0,5061-PBXFW
0,5062-CJJKH
0,5063-IUOKK
0,5066-GFJMM
0,5067-DGXLL
0,5067-WJEUN
0,5073-RZGBK
1,5073-WXOYN
0,5074-FBGHB
0,5075-JSDKI
1,5077-DXTCG
0,5081-NWSUP
0,5084-OOVCJ
0,5088-QZLRL
1,5089-IFSDP
0,5090-EMGTC
0,5091-HFAZW
0,5092-STPKP
0,5093-FEGLU
0,5095-ETBRJ
1,5103-MHMHY
1,5108-ADXWO
0,5110-CHOPY
0,5117-IFGPS
0,5118-MUEYH
0,5119-KEPFY
0,5120-ZBLAI
0,5124-EOGYE
0,5125-CNDSP
0,5126-RCXYW
0,5127-BZENZ
0,5129-HHMZC
0,5129-JLPIS
0,5130-YPIRV
0,5131-PONJI
0,5133-POWUA
0,5133-VRSAB
1,5134-IKDAY
0,5135-GRQJV
0,5135-RDDQL
0,5136-GFPMB
1,5136-KCKGI
0,5136-RGMZO
1,5138-WVKYJ
0,5140-FOMCQ
0,5141-ZUVBH
1,5143-WMWOG
0,5144-PQCDZ
0,5146-CBVOE
0,5146-YYFRZ
0,5148-HKFIR
0,5148-ORICT
0,5149-CUZUJ
0,5149-TGWDZ
0,5150-ITWWB
0,5150-LJNSR
0,5153-LXKDT
0,5153-RTHKF
1,5154-VEKBL
0,5155-AZQPB
0,5156-UMKOW
0,5158-RIVOP
0,5160-UXJED
0,5161-XEUVX
0,5168-MQQCA
0,5168-MSWXT
0,5170-PTRKA
0,5171-EPLKN
0,5172-MIGPM
0,5173-WXOQV
0,5173-ZXXXL
0,5174-ITUMV
1,5174-RNGBH
1,5175-AOBHI
0,5175-WLYXL
0,5176-LDKUH
0,5176-LMJXE
0,5176-OLSKT
0,5177-RVZNU
1,5178-LMXOP
0,5181-OABFK
0,5183-KLYEM
0,5183-SNMJQ
0,5186-EJEGL
0,5186-PEIZU
1,5186-SAMNZ
0,5188-HGMLP
1,5192-EBGOV
0,5193-QLVZB
0,5195-KPUNQ
1,5196-SGOAK
0,5196-WPYOW
0,5197-LQXXH
0,5198-EFNBM
0,5198-HQAEN
0,5199-FPUSP
0,5201-CBWYG
0,5201-FRKKS
0,5201-USSQZ
1,5204-QZXPU
0,5206-HPJKM
0,5206-XZZQI
0,5207-PLSTK
0,5208-FVQKB
1,5208-HFSBT
0,5214-CHIWJ
0,5214-NLTIT
0,5215-LNLDJ
1,5219-YIPTK
0,5220-AGAAX
0,5222-JCXZT
0,5223-UZAVK
0,5226-NOZFC
0,5229-DTFYB
1,5229-PRWKT
0,5232-NXPAY
0,5233-AOZUF
1,5233-GEEAX
1,5236-PERKL
0,5240-CAOYT
1,5240-IJOQT
0,5242-UOWHD
0,5243-SAOTC
1,5244-IRFIH
0,5245-VDBUR
0,5248-KWLAR
0,5248-RPYWW
0,5248-YGIJN
0,5249-QYHEX
0,5260-UMPWX
1,5261-QSHQM
0,5266-PFRQK
0,5271-DBYSJ
0,5274-XHAKY
0,5275-PMFUT
1,5275-SQEIZ
1,5276-KQWHG
1,5277-ZLOOR
0,5286-YHCVC
1,5287-QWLKY
0,5288-AHOUP
1,5293-WXJAK
0,5294-DMSFH
1,5295-PCJOO
0,5296-PSYVW
0,5298-GSTLM
1,5299-RULOA
1,5299-SJCZT
1,5301-GAUUY
0,5302-BDJNT
0,5304-EFJLP
0,5306-BVTKJ
1,5307-DZCVC
0,5307-UVGNB
0,5309-TAIKL
0,5311-IHLEI
0,5312-TSZVC
0,5312-UXESG
0,5313-FPXWG
0,5315-CKEQK
0,5317-FLPJF
1,5318-IXUZF
0,5318-YKDPV
0,5320-BRKGK
0,5321-NTRKC
0,5322-TEUJK
0,5322-ZSMZY
0,5324-KTGCG
0,5325-UWTWJ
0,5327-CNLUQ
0,5331-RGMTT
0,5334-AFQJB
0,5334-JLAXU
0,5336-UFNZP
0,5338-YHWYT
0,5339-PXDVH
0,5339-TJFEK
0,5343-SGUBI
0,5346-BZCHP
0,5348-CAGXB
0,5349-AZPEW
1,5349-IECLD
0,5351-QESIO
0,5353-WILCI
0,5356-KZCKT
1,5357-TZHPP
0,5360-LJCNJ
0,5360-XGYAZ
1,5364-EVNIB
0,5365-LLFYV
1,5366-IJEQJ
0,5366-OBVMR
0,5370-IIVVL
0,5371-VYLSX
0,5372-FBKBN
1,5373-SFODM
1,5376-DEQCP
0,5376-PCKNB
0,5377-NDTOU
1,5380-AFSSK
0,5380-XPJNZ
0,5382-SOYZL
0,5382-TEMLV
1,5383-MMTWC
0,5384-ZTTWP
1,5385-SUIRI
0,5386-THSLQ
0,5387-ASZNZ
1,5389-FFVKB
0,5392-AKEMH
0,5393-HJZSM
1,5393-RXQSZ
0,5394-MEITZ
1,5394-SVGJV
0,5399-ZIMKF
0,5402-HTOTQ
0,5405-ZMYXQ
0,5406-KGRMX
0,5414-OFQCB
1,5419-JPRRN
1,5419-KLXBN
0,5429-LWCMV
0,5433-KYGHE
0,5438-QMDDL
0,5439-WIKXB
0,5442-BHQNG
0,5442-BXVND
1,5442-UTCVD
1,5442-XSDCW
0,5443-SCMKX
0,5445-GLVOT
1,5445-PZWGX
0,5446-DKWYW
0,5447-VYTKW
0,5447-WZAFP
1,5449-FIBXJ
0,5451-YHYPW
0,5453-AXEPF
0,5456-ITGIC
1,5458-CQJTA
0,5461-QKNTN
0,5465-BUBFA
0,5468-BPMMO
1,5469-CTCWN
0,5469-NUJUR
0,5472-CVMDX
0,5478-JJVZK
1,5480-TBGPH
0,5480-XTFFL
1,5482-NUPNA
1,5482-PLVPE
0,5482-VXSXJ
1,5485-WUYWF
1,5493-SDRDQ
1,5494-HECPR
0,5494-WOZRZ
0,5498-IBWPI
1,5498-TXHLF
0,5499-ECUTN
0,5501-TVMGM
1,5502-RLUYV
0,5504-WSIUR
0,5505-OVWQW
1,5510-BOIUJ
0,5512-IDZEI
0,5514-YQENT
1,5515-IDEJJ
0,5515-RUGKN
1,5519-NPHVG
0,5519-TEEUH
1,5519-YLDGW
1,5520-FVEWJ
0,5522-JBWMO
0,5522-NYKPB
0,5524-KHNJP
0,5527-ACHSO
0,5529-GIBVH
0,5533-NHFRF
1,5536-RTPWK
1,5536-SLHPM
0,5537-UXXVS
0,5539-HIVAK
1,5539-TMZLF
0,5542-NKVRU
0,5543-QDCRY
0,5546-BYZSM
0,5546-QUERU
0,5549-ZGHFB
1,5550-VFRLC
1,5552-ZNFSJ
0,5553-AOINX
0,5555-RNPGT
0,5562-BETPV
1,5564-NEMQO
0,5566-SOEZD
1,5567-WSELE
0,5568-DMXZS
0,5569-IDSEY
1,5569-KGJHX
1,5569-OUICF
1,5570-PTWEH
1,5572-ZDXHY
0,5574-NXZIU
0,5575-GNVDE
0,5575-TPIZQ
1,5577-OTWWW
0,5578-NKCXI
1,5583-SXDAG
1,5590-BYNII
1,5590-YRFJT
0,5590-ZSKRV
0,5593-SUAOO
0,5598-IKHQQ
0,5599-HVLTW
0,5600-KTXFM
0,5600-PDUJF
0,5602-BVFMK
0,5605-IYGFG
0,5605-XNWEN
0,5606-AMZBO
1,5609-CEBID
0,5609-IMCGG
1,5616-PRTNT
0,5619-PTMIK
0,5619-XZZKR
0,5624-RYAMH
0,5626-MGTUK
0,5627-TVBPP
0,5628-RKIFK
0,5630-AHZIL
0,5630-IXDXV
0,5639-NTUPK
0,5640-CAXOA
0,5641-DMBFJ
1,5644-PDMZC
0,5647-FXOTP
0,5647-URDKA
1,5649-ANRML
0,5649-RXQTV
1,5649-TJHOV
1,5649-VUKMC
1,5650-VDUDS
0,5650-YLIBA
0,5651-YLPRD
0,5652-MSDEY
1,5655-JSMZM
0,5656-JAMLX
0,5663-QBGIS
0,5666-MBJPT
0,5668-MEISB
1,5669-SRAIP
0,5671-RQRLP
0,5671-UUNXD
1,5673-TIYIB
0,5676-CFLYY
0,5678-VFNEQ
0,5680-LQOGP
0,5681-LLOEI
0,5684-FJVYR
1,5685-IIXLY
0,5686-CMAWK
1,5687-DKDTV
1,5688-KZTSN
1,5692-FPTAH
0,5692-ICXLW
0,5693-PIPCS
0,5696-CEIQJ
0,5696-EXCYS
0,5696-JVVQY
1,5696-QURRL
0,5697-GOMBF
1,5698-BQJOH
0,5701-GUXDC
0,5701-SVCWR
0,5701-YVSVF
0,5702-SKUOB
1,5707-ORNDZ
0,5712-AHQNN
1,5712-PTIWW
0,5712-VBOXD
0,5716-EZXZN
0,5716-LIBJC
0,5724-BIDBU
0,5727-MYATE
1,5729-KLZAR
0,5730-DBDSI
0,5730-RIITO
0,5736-YEJAX
0,5743-KHMNA
1,5747-PMBSQ
1,5748-RNCJT
0,5751-USDBL
0,5753-QQWPW
0,5756-JYOJT
0,5756-OZRIO
1,5759-RCVCB
0,5760-FXFVO
0,5760-WRAHC
0,5762-TJXGK
0,5766-FTRTS
1,5766-ZJYBB
0,5774-QPLTF
0,5774-XZTQC
0,5777-KJIRB
0,5780-INQIK
0,5781-RFZRP
0,5788-YPOEG
0,5789-LDFXO
0,5795-BKOYE
0,5795-KTGUD
0,5799-JRCZO
0,5802-ADBRC
0,5803-NQJZO
0,5804-HYIEZ
1,5804-LEPIM
0,5808-TOTXO
0,5811-IWXYM
1,5813-UECBU
0,5815-HGGHV
0,5816-JMLGY
0,5816-QVHRX
0,5816-SCGFC
0,5820-PTRYM
0,5821-MMEIL
0,5825-XJOCM
1,5828-AVIPD
0,5832-EXGTT
0,5832-TRLPB
1,5832-XKAES
1,5834-ASPWA
1,5835-BEQEU
0,5837-LXSDN
0,5839-SUYVZ
0,5840-NVDCG
1,5842-POCOP
0,5843-TTHGI
0,5844-QVTAT
0,5845-BZZIB
0,5846-ABOBJ
0,5846-NEQVZ
0,5846-QFDFI
0,5847-MXBEO
0,5848-FHRFC
0,5849-ASHZJ
0,5850-BDWCY
0,5854-KSRBJ
0,5855-EIBDE
0,5859-HZYLF
0,5862-BRIXZ
0,5863-OOKCL
1,5868-CZJDR
1,5868-YWPDW
0,5871-DGTXZ
0,5872-OEQNH
1,5875-YPQFJ
0,5876-QMYLD
0,5879-HMFFH
0,5882-CMAZQ
1,5883-GTGVD
0,5884-FBCTL
0,5886-VLQVU
0,5887-IKKYO
1,5889-JTMUL
1,5889-LFOLL
0,5893-KCLGT
0,5893-PYOLZ
0,5895-QSXOD
1,5896-NPFWW
0,5897-ZYEKH
0,5898-IGSLP
0,5899-OUVKV
0,5902-WBLSE
1,5906-CVLHP
0,5906-DVAPM
1,5908-QMGOE
1,5909-ECHUI
0,5913-INRQV
1,5914-DVBWJ
0,5914-GXMDA
0,5914-XRFQB
0,5915-ANOEI
0,5915-DGNVC
0,5916-QEWPT
0,5917-HBSDW
0,5917-RYRMG
0,5918-VUKWP
0,5919-VCZYM
0,5921-NGYRH
1,5922-ABDVO
0,5924-IFQTT
0,5924-SNGKP
0,5928-QLDHB
0,5930-GBIWP
1,5931-FLJJF
0,5935-FCCNB
0,5937-EORGB
0,5939-SXWHM
0,5939-XAIXZ
1,5940-AHUHD
1,5940-NFXKV
0,5944-UGLLK
0,5945-AZYHT
1,5949-EBSQK
0,5949-HGVJL
1,5949-XIKAE
0,5950-AAAGJ
0,5951-AOFIH
0,5954-BDFSG
0,5955-EPOAZ
1,5955-ERIHD
1,5956-VKDTT
0,5956-YHHRX
1,5959-BELXA
0,5960-MVTUK
1,5960-WPXQM
0,5961-VUSRV
0,5965-GGPRW
0,5966-EMAZU
0,5968-HYJRZ
0,5968-VXZLG
0,5968-XQIVE
0,5970-GHJAW
0,5973-EJGDP
0,5975-BAICR
1,5976-JCJRH
0,5977-CKHON
1,5980-NOPLP
1,5981-ITEMU
0,5982-FPVQN
0,5982-XMDEX
0,5985-BEHZK
0,5985-TBABQ
0,5986-WWXDV
0,5989-AXPUC
0,5989-OMNJE
0,5989-PGKJB
0,5993-BQHEA
0,5993-JSUWV
0,5995-LFTLE
1,5995-OIGLP
0,5995-SNNEW
0,5995-WWKKG
0,5996-DAOQL
0,5996-EBTKM
0,5996-NRVXR
0,5997-OPVFA
0,5998-DZLYR
1,5998-VVEJY
0,5999-LCXAO
1,6000-APYLU
0,6000-UKLWI
1,6005-OBZPH
0,6008-NAIXK
0,6010-DDPPW
0,6013-BHCAW
1,6015-VVHHE
0,6016-LVTJQ
0,6016-NXBNJ
1,6017-PPLPX
0,6022-KOUQO
1,6023-YEBUP
0,6024-RUGGH
1,6029-WTIPC
0,6030-REHUX
1,6032-IGALN
1,6032-KRXXO
0,6034-YMTOB
1,6034-ZRYCV
0,6035-BXTTY
0,6035-RIIOM
1,6038-GCYEC
0,6040-CGACY
1,6047-YHPVI
0,6048-QBXKL
0,6050-FFXES
0,6050-IJRHS
0,6051-PTVNS
0,6060-QBMGV
0,6061-GWWAV
0,6061-PQHMK
0,6064-PUPMC
0,6064-ZATLR
0,6067-NGCEU
0,6072-NUQCB
0,6075-QMNRR
0,6075-SLNIL
0,6077-BDPXA
0,6080-LNESI
0,6080-TCMYC
0,6082-GLJIX
0,6082-OQFBA
1,6087-MVHJH
0,6087-YPWHO
0,6088-BXMRG
0,6094-ZIVKX
0,6096-EGVTU
0,6100-FJZDG
1,6100-QQHEB
1,6101-IMRMM
0,6103-BOCOU
0,6112-KTHFQ
0,6114-TCFID
0,6115-ZTBFQ
0,6119-SPUDB
0,6120-RJKLU
0,6121-TNHBO
1,6121-VZNQB
0,6122-LJADA
0,6124-ACRHJ
1,6127-ISGTU
1,6128-CZOMY
0,6131-FOYAS
0,6131-IUNXN
0,6131-JLWZM
0,6133-OZILE
0,6135-OZQVA
0,6137-MFAJN
0,6137-NICCO
0,6139-ZZRBQ
1,6140-QNRQQ
1,6141-OOXUQ
1,6142-VSJQO
0,6143-JQKEA
0,6145-NNPNO
0,6147-CBCRA
0,6152-ONASV
1,6158-DWPZT
0,6158-HDPXZ
0,6161-ERDGD
1,6161-UUUTA
0,6164-HAQTX
0,6164-HXUGH
1,6166-ILMNY
0,6166-YIPFO
1,6168-WFVVF
0,6168-YBYNP
0,6169-PPETC
0,6171-ZTVYB
1,6172-FECYY
0,6173-GOLSU
1,6173-ITPWD
0,6174-NRBTZ
0,6175-IRFIT
0,6176-YJWAS
0,6177-PEVRA
1,6179-GJPSO
0,6180-YBIQI
0,6181-AXXYF
0,6184-DYUOB
0,6188-UXBBR
0,6194-HBGQN
0,6195-MELTI
0,6198-PNNSZ
0,6202-JVYEU
0,6203-HBZPA
1,6204-IEUXJ
1,6207-WIOLX
1,6210-KBBPI
0,6211-WHMYA
0,6215-NQCPY
0,6217-KDYWC
0,6217-TOWGS
1,6221-AVQYL
0,6227-FBDXH
1,6227-HWPWX
0,6229-LSCKB
0,6229-UOLQL
1,6230-BSUXY
0,6233-HXJMX
0,6234-PFPXL
0,6234-RAAPL
1,6235-VDHOM
1,6240-EURKS
0,6242-FEGFD
0,6242-MBHPK
0,6243-OZGFH
0,6248-BSHKG
0,6248-TKCQV
0,6250-CGGUN
0,6252-DFGTK
0,6253-GNHWH
0,6253-WRFHY
0,6257-DTAYD
0,6257-RJOHI
0,6258-PVZWJ
0,6259-WJQLC
0,6260-ONULR
0,6261-LHRTG
0,6265-FRMTQ
0,6265-SXWBU
0,6267-DCFFZ
1,6270-OMFIW
0,6278-FEPBZ
0,6284-KMNUF
0,6286-SUUWT
0,6286-ZHAOK
0,6288-CHQJB
1,6289-CPNLD
0,6292-TOSSS
0,6295-OSINB
0,6296-DDOOR
1,6298-QDFNH
1,6302-JGYRJ
0,6303-KFWSL
1,6304-IJFSQ
1,6305-YLBMM
0,6308-CQRBU
1,6311-UEUME
1,6317-YPKDH
1,6319-IEJWJ
0,6319-QSUSR
0,6322-HRPFA
0,6322-PJJDJ
1,6323-AYBRX
1,6326-MTTXK
1,6328-ZPBGN
1,6330-JKLPC
1,6331-LWDTQ
0,6332-FBZRI
0,6333-YDVLT
1,6338-AVWCY
0,6339-DKLMK
0,6339-RZCBJ
0,6339-YPSAH
0,6340-DACFT
0,6341-JVQGF
0,6345-HOVES
1,6347-DCUIK
0,6348-SNFUS
0,6349-JDHQP
0,6350-XFYGW
0,6351-SCJKT
0,6352-GIGGQ
1,6352-TWCAU
0,6353-BRMMA
1,6356-ELRKD
0,6357-JJPQT
1,6358-LYNGM
0,6360-SVNWV
0,6362-QHAFM
0,6365-HITVU
0,6366-XIVKZ
0,6368-TZZDT
0,6369-MCAKO
0,6371-NZYEG
1,6372-RFVNS
0,6374-NTQLP
1,6376-GAHQE
0,6377-KSLXC
0,6377-WHAOX
1,6379-RXJRQ
0,6380-ARCEH
0,6383-ZTSIW
0,6384-VMJHP
0,6388-TABGU
1,6390-DSAZX
1,6393-WRYZE
0,6394-HHHZM
1,6394-MFYNG
1,6400-BWQKW
0,6402-EJMWF
1,6402-ZFPPI
0,6407-GSJNL
0,6407-UTSLV
0,6408-WHTEF
1,6413-XKKPU
1,6416-TVAIH
0,6416-YJTTB
0,6418-HNFED
0,6418-PIQSP
0,6421-SZVEM
1,6424-ELEYH
0,6425-JWTDV
1,6425-YQLLO
1,6432-TWQLB
0,6434-TTGJP
0,6435-SRWBJ
0,6435-VWCCY
0,6437-UDQJM
1,6437-UKHMV
1,6439-GTPCA
0,6439-LAJXL
0,6440-DKQGE
0,6445-TNRXS
0,6447-EGDIV
0,6447-GORXK
1,6457-USBER
0,6458-CYIDZ
0,6461-SZMCV
0,6463-HHXJR
0,6463-MVYRY
0,6464-KEXXH
0,6465-GSRCL
1,6467-CHFZW
0,6469-MRVET
0,6469-QJKZW
0,6473-ULUHT
0,6475-VHUIZ
0,6476-EPYZR
0,6476-YHMGA
0,6479-OAUSD
0,6480-YAGIY
0,6481-LXPWL
1,6481-OGDOO
0,6483-OATDN
0,6484-LATFU
0,6486-LHTMA
0,6490-FGZAT
0,6496-JDSSB
1,6496-SLWHQ
0,6497-TILVL
0,6500-JVEGC
1,6502-HCJTI
0,6502-KUGLL
1,6502-MJQAE
0,6504-VBLFL
0,6505-OZNPG
0,6507-DTJZV
0,6507-ZJSUR
0,6509-TSGWN
0,6510-UPNKS
0,6516-NKQBO
0,6518-KZXCB
0,6518-PPLMZ
0,6519-CFDBX
0,6519-ZHPXP
0,6522-OIQSX
0,6522-YRBXD
0,6527-PZFPV
0,6537-OTKMY
0,6538-POCHL
0,6542-LWGXJ
1,6543-CPZMK
0,6543-JXSOO
0,6546-OPBBH
0,6549-BTYPG
0,6549-YMFAW
0,6556-DBKZF
0,6557-BZXLQ
0,6559-PDZLR
0,6559-RAKOZ
0,6563-VNPMN
1,6567-HOOPW
0,6568-POCUI
0,6569-KTMDU
0,6574-MCOEH
0,6575-SUVOI
0,6576-FBXOJ
0,6578-KRMAW
1,6581-NQCBA
0,6582-PLFUU
0,6583-KQJLK
1,6583-QGCSI
0,6583-SZVGP
0,6584-VQMYT
0,6585-WCEWR
0,6586-MYGKD
0,6591-QGOYB
1,6595-COKXZ
1,6598-RFFVI
1,6599-CEBNN
0,6599-GZWCM
1,6599-RCLCJ
0,6599-SFQVE
0,6603-QWSPR
0,6603-YRDCJ
0,6614-FHDBO
0,6614-VBEGU
0,6614-YOLAC
1,6615-NGGZJ
0,6616-AALSR
0,6617-WLBQC
1,6618-RYATB
0,6619-RPLQZ
0,6620-HVDUJ
0,6621-NRZAK
0,6621-YOBKI
0,6624-JDRDS
0,6625-IUTTT
0,6625-UTXEW
0,6627-CFOSN
0,6629-LADHQ
0,6630-UJZMY
1,6633-MPWBS
0,6633-SYEUS
0,6635-CPNUN
1,6635-MYYYZ
0,6637-KYRCV
1,6641-XRPSU
0,6645-MXQJT
0,6646-JPPHA
1,6646-VRFOL
0,6647-ZEDXT
0,6648-INWPS
0,6650-BWFRT
0,6650-VJONK
1,6651-AZVTJ
1,6653-CBBOM
0,6654-QGBZZ
0,6655-LHBYW
0,6656-GULJQ
0,6656-JWRQX
1,6664-FPDAC
0,6668-CNMFP
0,6670-MFRPK
0,6674-KVJHG
0,6681-ZSEXG
1,6682-QJDGB
0,6682-VCIXC
0,6685-GBWJZ
1,6686-YPGHK
1,6689-KXGBO
1,6689-TCZHQ
0,6689-VRRTK
0,6691-CCIHA
1,6692-UDPJC
0,6692-YQHXC
0,6693-DJWTY
0,6693-FRIRW
0,6695-AMZUF
0,6695-FRVEC
0,6696-YDAYZ
0,6701-DHKWQ
0,6701-YVNQG
0,6704-UTUKK
0,6705-LNMDD
0,6710-HSJRD
1,6711-FLDFB
1,6711-VTNRE
1,6712-OAWRH
1,6715-OFDBP
0,6719-FGEDO
0,6723-CEGQI
0,6725-TPKJO
0,6726-NNFWD
0,6726-WEXXK
0,6727-IOTLZ
0,6728-CZFEI
0,6728-DKUCO
0,6728-VOIFY
0,6728-WYQBC
0,6729-FZWSY
0,6729-GDNGC
0,6732-FZUGP
0,6733-LRIZX
0,6734-CKRSM
0,6734-FQAJX
0,6734-JDTTV
0,6734-PSBAW
0,6736-DHUQI
0,6738-ISCBM
0,6741-EGCBI
0,6741-QRLUP
0,6743-HHQPF
0,6745-JEFZB
0,6752-APNJL
0,6754-WKSHP
0,6762-NSODU
0,6762-QVYJO
0,6765-MBQNU
0,6766-HFKLA
1,6769-DCQLI
1,6769-DYBQN
0,6770-UAYGJ
1,6770-XUAGN
1,6771-XWBDM
1,6772-KSATR
0,6773-LQTVT
1,6776-TLWOI
1,6777-TGHTM
0,6778-EICRF
0,6778-JFCMK
0,6778-YSNIH
0,6784-XYJAE
0,6786-OBWQR
0,6789-HJBWG
0,6791-YBNAK
0,6794-HKIAJ
1,6797-LNAQX
1,6804-GDMOI
0,6806-YDEUL
0,6807-SIWJI
0,6810-VCAEX
0,6813-GZQCG
0,6814-ZPWFQ
0,6817-WTYHE
0,6818-DJXAA
1,6818-WOBHJ
1,6821-BUXUX
0,6821-JPCDC
1,6825-UYPFK
0,6827-IEAUQ
0,6828-HMKWP
0,6833-JMZYP
1,6834-NXDCA
0,6837-BJYDQ
0,6838-HVLXG
0,6838-YAUVY
1,6839-ITVZJ
0,6840-RESVB
0,6844-DZKRF
1,6845-RGTYS
0,6848-HJTXY
0,6848-YLDFR
1,6849-OYAMU
0,6851-WEFYX
0,6854-EXGSF
0,6855-VLGOS
0,6857-TKDJV
1,6857-VWJDT
0,6860-YRJZP
1,6861-OKBCE
1,6861-XWTWQ
0,6862-CQUMB
0,6865-JZNKO
0,6867-ACCZI
0,6869-FGJJC
0,6870-ECSHE
0,6870-ZWMNX
0,6872-HXFNF
0,6873-UDNLD
0,6874-SGLHU
1,6876-ADESB
1,6877-LGWXO
1,6877-TJMBR
0,6878-GGDWG
0,6885-PKOAM
0,6888-SBYAI
0,6890-PFRQX
0,6891-JPYFF
0,6892-BOGQE
0,6893-ODYYE
1,6894-LFHLY
0,6896-SRVYQ
0,6897-RWMUB
0,6897-UUBNU
0,6898-MDLZW
0,6898-RBTLU
1,6899-PPEEA
1,6900-PXRMS
0,6900-RBKER
0,6901-GOGZG
0,6904-JLBGY
1,6906-ANDWJ
0,6906-MPARY
0,6907-FLBER
1,6907-NZZIJ
0,6908-VVYHM
1,6910-HADCM
0,6916-HIJSE
0,6917-FIJHC
0,6917-YACBP
0,6919-ELBGL
0,6921-OZMFH
0,6922-NCEDI
0,6923-AQONU
0,6923-JHPMP
0,6924-TDGMT
0,6925-BAYGL
1,6927-WTFIV
0,6928-ONTRW
0,6933-FHBZC
1,6941-PMGEP
0,6942-LBFDP
0,6950-TWMYB
0,6952-OMNWB
0,6953-PBDIN
0,6954-OOYZZ
1,6956-SMUCM
0,6959-GQEGV
1,6959-UWKHF
1,6960-HVYXR
0,6961-MJKBO
1,6961-VCPMC
0,6963-EZQEE
0,6963-KQYQB
0,6967-PEJLL
0,6967-QIQRV
0,6968-GMKPR
0,6968-MHOMU
0,6968-URWQU
0,6969-MVBAI
0,6972-SNKKW
0,6974-DAFLI
0,6976-BWGLQ
0,6979-TNDEU
0,6980-CDGFC
0,6980-IMXXE
0,6981-TDRFT
1,6982-SSHFK
0,6985-HAYWX
1,6986-IJDHX
0,6986-IXNDM
0,6988-CJEYV
1,6990-YNRIO
0,6993-YCOBK
0,6993-YGFJV
0,6994-FGRHH
0,6994-KERXL
0,6994-ORCWG
1,6996-KNSML
0,6997-UVGOX
0,6999-CHVCF
1,7000-WCEVQ
0,7005-CYUIL
0,7008-LZVOZ
0,7009-LGECI
0,7009-PCARS
0,7010-BRBUU
0,7010-ZMVBF
0,7011-CVEUC
0,7013-PSXHK
0,7014-ZZXAW
1,7016-BPGEU
0,7016-NVRIC
0,7017-VFHAY
0,7017-VFULY
0,7018-FPXHH
0,7018-WBJNK
0,7020-OZKXZ
0,7021-XSNYE
1,7024-OHCCK
0,7025-WCBNE
0,7026-YMSBE
1,7028-DVOIQ
1,7029-RPUAV
0,7030-FZTFM
0,7030-NJVDP
0,7032-LMBHI
0,7033-CLAMM
0,7036-TYDEC
0,7036-ZZKBD
0,7037-MTYVW
0,7044-YAACC
0,7047-FWEYA
0,7047-YXDMZ
0,7049-GKVZY
0,7054-ENNGU
1,7054-LGEQW
0,7055-HNEOJ
0,7055-JCGNI
1,7055-VKGDA
1,7056-IMHCC
0,7064-FRRSW
0,7064-JHXCE
1,7067-KSAZT
0,7072-MBHEV
0,7073-QETQY
1,7074-IEVOJ
0,7075-BNDVQ
0,7077-XJMET
0,7078-NVFAM
1,7079-QRCBC
0,7080-TNUWP
0,7083-MIOPC
1,7083-YNSKY
0,7088-FBAWU
1,7089-IVVAZ
0,7089-RKVSZ
0,7089-XXAYG
0,7094-MSZAO
0,7096-UCLNH
0,7096-ZNBZI
0,7100-FQPRV
0,7102-JJVTX
0,7103-IPXPJ
0,7103-ZGVNT
0,7105-BENQF
0,7105-MXJLL
0,7107-UBYKY
0,7108-DGVUU
0,7109-CQYUZ
0,7109-MFBYV
0,7110-BDTWG
0,7113-HIPFI
0,7114-AEOZE
0,7115-IRDHS
1,7120-RFMVS
0,7123-WQUHX
1,7124-UGSUR
0,7126-RBHSD
0,7128-GGCNO
0,7129-ACFOG
0,7129-AZJDE
0,7129-CAKJW
0,7130-CTCUS
1,7130-VTEWQ
0,7130-YXBRO
0,7131-ZQZNK
1,7133-VBDCG
0,7134-HBPBS
0,7134-MJPDY
0,7136-IHZJA
1,7136-RVDTZ
0,7137-NAXML
1,7137-RYLPP
0,7138-GIRSH
0,7139-JZFVG
1,7142-HVGBG
0,7143-BQIBA
0,7147-AYBAA
0,7148-XZPHA
0,7153-CHRBV
1,7153-OANIO
1,7156-MHUGY
0,7156-MXBJE
0,7157-SMCFK
0,7159-FVYPK
0,7159-NOKYQ
0,7161-DFHUF
0,7162-WPHPM
0,7168-HDQHG
0,7173-TETGO
0,7176-WIONM
0,7176-WRTNX
1,7180-PISOG
1,7181-BQYBV
0,7181-OQCUT
0,7188-CBBBA
0,7196-LIWRH
0,7197-VOJMM
1,7198-GLXTC
0,7203-OYKCT
0,7205-BAIAD
1,7206-GZCDC
0,7206-PQBBZ
1,7207-RMRDB
0,7208-PSIHR
1,7216-EWTRS
0,7216-KAOID
1,7218-HKQFK
0,7219-TLZHO
0,7225-CBZPL
0,7225-IILWY
1,7228-OMTPN
0,7228-PAQPD
0,7233-DRTRF
0,7233-IOQNP
0,7233-PAHHL
1,7234-FECYN
0,7234-KMNRQ
1,7235-NXZCP
1,7240-ETPTR
1,7240-FQLHE
0,7241-AJHFS
1,7242-QZLXF
0,7243-LCGGZ
0,7244-KXYZN
0,7244-QWYHG
0,7245-NIIWQ
0,7246-ZGQDF
0,7247-XOZPB
1,7248-VZQLC
1,7249-WBIYX
1,7250-EQKIY
0,7251-LJBQN
0,7251-XFOIL
0,7252-NTGSS
1,7254-IQWOZ
0,7255-SSFBC
0,7266-GSSJX
0,7267-FRMJW
0,7268-IGMFD
0,7269-JISCY
1,7270-BDIOA
0,7271-AJDTL
0,7272-QDCKA
1,7273-TEFQD
0,7274-CGTOD
1,7274-RTAPZ
0,7277-KAMWT
0,7277-OZCGZ
1,7279-BUYWN
0,7279-NMVJC
0,7284-ZZLOH
0,7285-KLOTR
0,7293-LSCDV
1,7294-TMAOP
1,7295-JOMMD
0,7296-PIXQY
0,7298-IZWLY
0,7299-GNVPL
0,7301-ABVAD
0,7302-ZHMHP
0,7305-ZWMAJ
0,7306-YDSOI
0,7310-EGVHZ
0,7311-MQJCH
1,7314-OXENN
1,7317-GGVPB
0,7318-EIVKO
0,7319-VENRZ
0,7319-ZNRTR
0,7321-KKSDU
0,7321-VGNKU
0,7321-ZNSLA
0,7322-OCWHC
0,7326-RIGQZ
0,7328-OWMOM
0,7328-ZJAJO
1,7330-WZLNC
0,7336-RLLRH
0,7337-CINUD
0,7338-ERIVA
0,7339-POGZN
1,7341-LXCAF
0,7343-EOBEU
0,7346-MEDWM
0,7349-ALMUX
0,7351-KYHQH
0,7351-MHQVU
0,7353-YOWFP
0,7354-OIJLX
0,7356-AYNJP
0,7356-IWLFW
1,7359-PTSXY
0,7359-WWYJV
0,7363-QTBIW
0,7365-BVCJH
0,7369-TRPFD
0,7375-WMVMT
1,7377-DMMRI
0,7379-FNIUJ
0,7382-DFJTU
1,7384-GHBPI
0,7389-KBFIT
0,7392-YYPYJ
1,7394-FKDNK
0,7394-LWLYN
0,7396-VJUZB
0,7398-HPYZQ
0,7398-LXGYX
0,7398-SKNQZ
0,7399-QHBJS
0,7401-JIXNM
0,7401-RUBNK
0,7402-EYFXX
0,7402-PWYJJ
0,7404-JLKQG
0,7407-SUJIZ
0,7408-OFWXJ
0,7409-JURKQ
1,7409-KIUTL
1,7410-KTVFV
0,7410-OIEDU
1,7410-YTJIK
0,7422-WNBTY
0,7426-GSWPO
0,7426-WEIJX
0,7427-AUFPY
0,7432-FFVAR
1,7434-SHXLS
0,7435-ZNUYY
0,7439-DKZTW
0,7442-YGZFK
0,7446-SFAOA
0,7446-YPODE
0,7449-HVPIV
0,7452-FOLON
0,7459-IMVYU
0,7460-ITWWP
0,7463-IFMQU
0,7465-ZZRVX
0,7469-LKBCI
0,7470-DYNOE
1,7470-MCQTK
0,7471-MQPOS
0,7471-WNSUF
0,7473-ZBDSN
1,7479-NITWS
0,7480-SPLEF
1,7481-ATQQS
0,7492-TAFJD
0,7493-GVFIO
1,7493-TPUWZ
1,7495-OOKFY
0,7501-VTYLJ
0,7502-BNYGS
0,7503-EPSZW
0,7503-MIOGA
1,7503-ZGUZJ
0,7504-UWHNB
0,7508-DQAKK
0,7508-KBIMB
1,7508-MYBOG
0,7508-SMHXL
1,7511-YMXVQ
0,7515-LODFU
0,7516-GMHUV
0,7519-JTWQH
0,7521-AFHAB
0,7521-YXVZY
0,7524-VRLPL
1,7526-BEZQB
0,7527-QNRUS
0,7529-ZDFXI
0,7531-GQHME
1,7534-BFESC
0,7537-RBWEA
1,7538-GWHML
1,7541-YLXCL
0,7542-CYDDM
1,7548-SEPYI
1,7549-MYGPK
1,7551-DACSP
1,7551-JOHTI
0,7552-KEYGT
0,7554-AKDQF
0,7554-NEWDD
0,7560-QJAVJ
0,7560-QRBXH
1,7562-GSUHK
0,7562-UXTPG
1,7563-BIUPC
0,7566-DSRLQ
0,7567-ECMCM
1,7568-PODML
0,7569-NMZYQ
0,7570-WELNY
1,7571-YXDAD
0,7572-KPVKK
0,7576-ASEJU
0,7576-JMYWV
1,7576-OYWBN
0,7577-SWIFR
0,7579-KKLOE
1,7580-UGXNC
0,7581-EBBOU
0,7586-ZATGZ
0,7587-AOVVU
0,7590-VHVEG
1,7593-JNWRU
1,7593-XFKDI
0,7594-LZNWR
1,7594-RQHXR
0,7595-EHCDL
1,7595-EUIVN
0,7596-IIWYC
0,7596-LDUXP
0,7596-ZYWBB
1,7598-UAASY
0,7599-NTMDP
0,7601-DHFWZ
0,7601-GNDYK
0,7601-WFVZV
0,7602-DBTOU
0,7602-MVRMB
1,7603-USHJS
0,7605-BDWDC
0,7605-SNLQG
0,7606-BPHHN
0,7607-QKKTJ
0,7608-RGIRO
0,7609-NRNCA
0,7609-YBPXG
0,7610-TVOPG
1,7613-LLQFO
1,7615-ESMYF
0,7617-EYGLW
1,7619-ODSGN
0,7619-PLRLP
0,7621-VPNET
0,7622-FWGEW
0,7622-NXQZR
0,7623-HKYRK
1,7623-TRNQN
1,7625-XCQRH
1,7627-JKIAZ
1,7632-MNYOY
0,7633-MVPUY
0,7634-HLQJR
0,7636-OWBPG
0,7636-PEPNS
0,7636-XUHWW
1,7638-QVMVY
0,7639-LIAYI
0,7639-OPLNG
1,7639-SUPCW
1,7641-EUYET
0,7641-TQFHN
0,7643-RCHXS
0,7647-GYYKX
0,7649-PHJVR
0,7649-SIJJF
1,7657-DYEPJ
1,7660-HDPJV
0,7663-CUXZB
1,7663-RGWBC
0,7663-YJHSN
0,7663-ZTEGJ
0,7665-NKLAV
1,7665-TOALD
0,7665-VIGUD
1,7666-WKRON
0,7668-XCFYV
0,7669-LCRSD
0,7670-ZBPOQ
0,7672-VFMXZ
0,7673-BQGKU
0,7673-LPRNY
0,7674-YTAFD
1,7675-OZCZG
0,7677-SJJJK
0,7682-AZNDK
1,7683-CBDKJ
0,7684-XSZIY
0,7690-KPNCU
0,7691-KGKGP
0,7691-XVTZH
1,7693-LCKZL
0,7695-PKLCZ
0,7696-AMHOD
0,7696-CFTAT
0,7698-YFGEZ
1,7703-ZEKEF
0,7706-YLMQA
0,7714-YXSMB
1,7716-YTYHG
0,7717-BICXI
0,7718-RXDGG
0,7718-UPSKJ
0,7721-DVEKZ
1,7721-JXEAW
0,7722-CVFXN
0,7722-VJRQD
0,7727-SHVZV
0,7729-JTEEC
0,7729-XBTWX
0,7730-CLDSV
1,7730-IUTDZ
1,7734-DBOAI
1,7739-LAXOG
0,7740-BTPUX
0,7746-AWNQW
0,7746-QYVCO
0,7748-UMTRK
1,7752-XUSCI
0,7758-UJWYS
1,7760-OYPDY
0,7762-ONLJY
1,7762-URZQH
0,7764-BDPEE
0,7765-LWVVH
0,7766-CLTIC
1,7767-UXAGJ
0,7771-CFQRQ
0,7771-ZONAT
1,7774-OJSXI
0,7777-UNYHB
0,7779-ORAEL
1,7780-OTDSO
0,7781-EWARA
0,7781-HVGMK
1,7786-WBJYI
0,7787-BNTZM
0,7789-HKSBS
0,7794-JASDG
0,7795-CFOCW
0,7797-EJMDP
0,7798-JVXYM
0,7799-DSEWS
0,7799-LGRDP
0,7801-CEDNV
0,7801-KICAO
0,7811-JIVPF
1,7812-FZHPE
0,7813-TKCVO
0,7813-ZGGAW
0,7814-LEEVE
0,7815-PDTHL
0,7816-VGHTO
1,7817-BOQPW
0,7817-OMJNA
0,7820-ZYGNY
0,7823-JSOAG
0,7824-PANSQ
1,7825-ECJRF
1,7825-GKXMW
0,7826-VVKWT
1,7831-QGOXH
0,7833-PKIHD
0,7838-LAZFO
0,7839-NUIAA
1,7839-QRKXN
1,7841-TZDMQ
1,7845-URHJN
0,7850-VWJUU
1,7851-FLGGQ
1,7851-WZEKY
0,7852-LECYP
1,7853-GVUDZ
0,7853-OETYL
1,7854-EDSSA
1,7854-EKTJL
0,7855-DIWPO
0,7856-GANIL
0,7858-GTZSP
0,7860-UXCRM
0,7868-BGSZA
0,7868-TMWMZ
0,7869-ZYDST
0,7872-BAAZR
0,7872-RDDLZ
0,7876-AEHIG
0,7876-BEUTG
0,7876-DNYAP
0,7878-JGDKK
0,7878-RTCZG
0,7879-CGSFV
0,7880-XSOJX
1,7881-EVUAD
1,7881-INRLC
0,7883-ROJOC
1,7890-VYYWG
1,7892-POOKP
1,7893-IXHRQ
0,7898-PDWQE
0,7901-HXJVA
0,7901-IIDQV
0,7901-TBKJX
1,7903-CMPEY
0,7905-NJMXS
0,7905-TVXTA
1,7908-QCBCA
0,7909-FIOIY
0,7916-VCCPB
0,7919-ZODZZ
0,7921-BEPCI
0,7921-LMDFQ
0,7923-IYJWY
0,7924-GJZFI
0,7925-PNRGI
1,7927-AUXBZ
0,7928-VJYAB
0,7929-DMBCV
1,7931-PXHFC
1,7932-WPTDS
1,7938-OUHIO
0,7941-RCJOW
1,7943-RQCHR
0,7945-HLKEA
0,7950-XWOVN
1,7951-QKZPL
0,7954-MLBUN
0,7956-XQWGU
1,7957-RYHQD
1,7963-GQRMY
0,7963-SHNDT
0,7964-VEXDG
0,7964-ZRKKG
0,7966-YOTQW
0,7968-QUXNS
1,7969-AULMZ
0,7969-FFOWG
0,7971-HLVXI
0,7973-DZRKH
0,7975-JMZNT
0,7976-CICYS
0,7978-DKUQH
0,7980-MHFLQ
0,7982-VCELR
0,7989-AWGEH
1,7989-CHGTL
0,7989-VCQOH
0,7993-NQLJE
0,7994-XIRTR
0,7995-ZHHNZ
0,7996-MHXLW
0,7997-EASSD
0,7998-WNZEM
0,7998-ZLXWN
0,8003-EWNDZ
0,8006-PYCSW
0,8007-YYPWD
0,8008-OTEZX
0,8012-SOUDQ
0,8015-IHCGW
0,8016-NCFVO
0,8016-ZMGMO
1,8017-LXHFA
0,8017-UVSZU
1,8019-ENHXU
1,8020-BWHYL
0,8022-BECSI
0,8024-XNAFQ
0,8028-PNXHQ
0,8029-XYPWT
0,8033-ATFAS
0,8033-VCZGH
0,8034-RYTVV
1,8035-BUYVG
0,8035-PWSEV
0,8039-ACLPL
0,8039-EQPIM
0,8040-MNRTF
0,8041-TMEID
0,8042-RNLKO
0,8043-PNYSD
0,8044-BGWPI
0,8046-DNVTL
0,8048-DSDFQ
0,8049-WJCLQ
0,8050-DVOJX
0,8050-WYBND
0,8050-XGRVL
1,8053-WWDRO
1,8058-INTPH
1,8058-JMEQO
0,8059-UDZFY
0,8060-HIWJJ
1,8062-YBDOE
0,8064-RAVOH
0,8065-BVEPF
0,8065-QBYTO
1,8065-YKXKD
1,8066-POXGX
0,8067-NIOYM
0,8069-RHUXK
0,8069-YQQAJ
0,8070-AAWZP
0,8071-SBTRN
1,8073-IJDCM
0,8075-GXIUB
0,8076-FEZKJ
1,8079-XRJRS
1,8080-DDEMJ
0,8080-POTJR
0,8082-GHXOP
1,8083-YTZES
0,8085-MSNLK
0,8087-LGYHQ
0,8089-UZWLX
0,8091-TTVAX
0,8092-NLTGF
0,8095-WANWK
0,8096-LOIST
0,8097-OMULG
0,8097-VBQTZ
0,8098-TDCBU
0,8100-PNJMH
0,8104-OSKWT
0,8106-GWQOK
0,8107-KNCIM
0,8107-RZLNV
0,8108-UXRQN
0,8109-YUOHE
1,8111-RKSPX
1,8111-SLLHI
1,8118-LSUEL
0,8118-TJAFG
0,8120-JDCAM
0,8124-NZVGJ
0,8125-QPFJD
1,8128-YVJRG
0,8129-GMVGI
0,8132-YPVBX
0,8138-EALND
0,8143-ETQTI
0,8144-DGHXP
0,8146-QQKZH
0,8148-BPLZQ
0,8149-AIQCG
1,8149-RSOUN
1,8155-IBNHG
0,8160-HOWOX
0,8164-OCKUJ
0,8165-CBKXO
0,8165-ZJRNM
0,8166-ORCHU
1,8166-ZZTFS
0,8167-GJLRN
1,8168-UQWWF
0,8173-RXAYP
0,8174-TBVCF
0,8180-AKMJV
0,8181-YHCMF
1,8182-PNAGI
1,8183-ONMXC
0,8184-WMOFI
1,8185-UPYBR
0,8189-HBVRW
0,8190-ZTQFB
0,8191-XWSZG
0,8194-PEEBY
0,8197-BFWVU
0,8198-RKSZG
1,8199-ZLLSA
0,8200-KLNYW
0,8200-LGKSR
0,8201-AAXCB
0,8203-XJZRC
0,8204-YJCLA
0,8205-MQUGY
1,8205-OTCHB
0,8205-VSLRB
0,8207-DMRVL
0,8207-VVMYB
0,8208-EUMTE
0,8212-CRQXP
0,8212-DJRCH
0,8216-AZUUZ
0,8217-QYOHV
0,8219-VYBVI
0,8220-OCUFY
0,8221-HVAYI
0,8224-DWCKX
0,8224-KDLKN
0,8224-UAXBZ
0,8226-BXGES
0,8229-BUJHX
0,8229-MYEJZ
1,8229-TNIQA
0,8231-BSWXX
0,8232-CTLKO
0,8232-UTFOZ
0,8234-GSZYK
0,8241-JUIQO
0,8242-JSVBO
0,8242-PDSGJ
1,8245-UMPYT
0,8246-SHFGA
0,8249-THVEC
1,8257-RZAHR
1,8258-GSTJK
0,8259-NFJTV
0,8261-GWDBQ
0,8262-COGGB
0,8263-OKETD
0,8265-HKSOW
0,8266-VBFQL
1,8267-ZNYVZ
0,8268-YDIXR
0,8270-RKSAP
0,8272-ONJLV
1,8280-MQRQN
0,8285-ABVLB
0,8286-AFUYI
0,8292-FRFZQ
0,8292-ITGYJ
1,8292-TYSPY
0,8294-UIMBA
0,8295-FHIVV
1,8305-VHZBZ
0,8309-IEYJD
0,8309-PPCED
0,8313-AFGBW
0,8313-KTIHG
0,8313-NDOIA
0,8314-DPQHL
0,8314-HTWVE
0,8317-BVKSO
0,8319-QBEHW
0,8325-QRPZR
0,8327-WKMIE
0,8329-UTMVM
0,8331-ZXFOE
0,8332-OSJDW
0,8336-TAVKX
0,8338-QIUNR
0,8344-WFMFH
0,8345-MVDYC
0,8347-GDTMP
1,8348-HFYIV
0,8348-JLBUG
0,8350-NYMVI
1,8357-EQXFO
0,8361-LBRDI
1,8361-LTMKD
1,8364-TRMMK
1,8372-JUXUI
0,8374-UULRV
1,8374-XGEJJ
1,8375-DKEBR
0,8378-LKJAF
0,8380-MQINP
1,8380-PEFPE
0,8383-SGHJU
0,8384-FZBJK
1,8387-MOJJT
0,8388-DMKAE
0,8388-FYNPZ
0,8390-FESFV
1,8393-DLHGA
0,8395-ETZKQ
1,8397-MVTAZ
0,8398-TBIYD
1,8399-YNDCH
0,8400-WZICQ
0,8401-EMUWF
0,8402-OOOHJ
0,8404-FYDIB
0,8404-GFGCZ
0,8404-VIOMB
0,8404-VLQFB
0,8405-IGQFX
0,8406-LNMHF
0,8409-WQJUX
0,8413-YNHNV
1,8417-FMLZI
0,8417-GSODA
1,8429-XIBUM
0,8430-TWCBX
1,8433-WXGNA
0,8434-PNQZX
0,8434-VGEQQ
0,8439-LTUGF
0,8441-SHIPE
1,8443-WVPSS
1,8444-WRIDW
1,8450-JOVAH
0,8450-LUGUK
0,8450-UYIBU
0,8454-AATJP
0,8456-QDAVC
0,8457-XIGKN
0,8464-EETCQ
0,8465-SBRXP
0,8466-PZBLH
0,8467-WYNSR
0,8468-EHYJA
0,8468-FZTOE
0,8469-SNFFH
1,8473-VUVJN
0,8474-UMLNT
0,8480-PPONV
1,8481-YYXWG
1,8485-GJCDN
0,8486-AYEQH
0,8495-LJDFO
0,8495-PRWFH
0,8496-DMZUK
0,8498-XXGWA
0,8499-BRXTD
1,8510-AWCXC
0,8510-TMWYB
0,8512-WIWYV
0,8513-OLYGY
0,8514-VZHEB
1,8519-IMDHU
1,8519-QJGJD
0,8532-UEFWH
0,8535-SFUTN
0,8540-ZQGEA
0,8541-QVFKM
0,8543-MSDMF
0,8544-GOQSH
0,8544-JNBOX
0,8547-NSBBO
0,8548-AWOFC
0,8550-XSXUQ
0,8559-WNQZS
0,8561-NMTBD
0,8562-GHPPI
1,8563-IIOXK
0,8563-OYMQY
0,8564-LDKFL
1,8565-CLBZW
0,8565-HBFNN
0,8565-WUXZU
0,8566-YPRGL
0,8570-KLJYJ
0,8571-ZCMCX
0,8573-JGCZW
0,8577-QSOCG
1,8580-QVLOC
0,8582-KRHPJ
0,8584-KMVXD
0,8587-XYZSF
0,8590-OHDIW
0,8590-YFFQO
0,8592-PLTMQ
1,8593-WHYHV
0,8595-SIZNC
0,8597-CTXVJ
0,8597-CWYHH
1,8601-QACRS
1,8603-IJWDN
0,8605-ITULD
0,8606-CIQUL
0,8608-OZTLB
1,8610-WFCJF
0,8610-ZIKJJ
1,8614-VGMMV
0,8617-ENBDS
0,8619-IJNDK
0,8620-RJPZN
0,8622-ZLFKO
0,8623-ULFNQ
1,8624-GIOUT
1,8625-AZYZY
0,8626-XHBIE
1,8627-EHGIP
0,8627-ZYGSZ
0,8628-MFKAX
0,8630-FJLIB
0,8630-QSGXK
1,8631-NBHFZ
0,8631-WUXGY
0,8631-XVRZL
1,8634-CILSZ
1,8634-MPHTR
1,8637-XJIVR
1,8640-SDGKB
1,8642-GVWRF
1,8644-XLFBW
0,8644-XYTSV
0,8645-KOMJQ
0,8645-KWHJO
0,8648-PFRMP
1,8650-RHRKE
1,8651-ENBZX
0,8652-YHIYU
0,8654-DHAOW
0,8659-HDIYE
0,8659-IOOPU
0,8660-BUETV
0,8661-BOYNW
0,8663-UPDGF
1,8665-UTDHZ
0,8668-KNZTI
0,8670-MEFCP
0,8671-KKKOS
0,8672-OAUPW
0,8676-OOQEJ
1,8676-TRMJS
0,8677-HDZEE
0,8680-CGLTP
0,8681-ICONS
1,8685-WHQPW
0,8687-BAFGU
0,8690-ZVLCL
0,8695-ARGXZ
0,8695-WDYEA
1,8696-JKZNU
1,8699-ASUFO
0,8701-DGLVH
0,8706-HRADD
0,8707-RMEZH
1,8708-XPXHZ
0,8709-KRDVL
0,8710-YGLWG
0,8711-LOBKY
0,8714-CTZJW
0,8715-KKTFG
1,8718-PTMEZ
0,8720-RQSBJ
1,8722-NGNBH
0,8722-PRFDV
0,8725-JEDFD
0,8727-JQFHV
0,8727-XDPUD
0,8734-DKSTZ
0,8734-FNWVH
0,8735-DCXNF
0,8735-IJJEG
0,8735-NBLWT
0,8735-SDUFN
0,8739-QOTTN
1,8739-WWKDU
1,8740-CRYFY
1,8740-XLHDR
0,8745-PVESG
0,8746-BFOAJ
0,8746-OQQRW
0,8747-UDCOI
0,8748-HFWBO
0,8749-CLJXC
1,8749-JMNKX
0,8749-TZYEC
0,8750-QWZAJ
0,8751-EDEKA
0,8752-GHJFU
0,8752-IMQOS
1,8752-STIVR
0,8755-IWJHN
0,8755-OGKNA
0,8756-RDDLT
0,8757-TFHHJ
0,8760-ZRHKE
1,8761-NSOBC
0,8763-KIAFH
0,8766-PAFNE
0,8769-KKTPH
1,8773-HHUOZ
0,8774-GSBUN
1,8775-CEBBJ
1,8775-LHDJH
0,8777-MBMTS
1,8779-QRDMV
1,8780-IXSTS
0,8780-RSYYU
0,8782-LKFPK
0,8782-NUUOL
0,8785-CJSHH
1,8785-EPNCG
0,8788-DOXSU
0,8792-AOROI
0,8799-OXZMD
0,8800-JOOCF
0,8800-ZKRFW
1,8802-UNOJF
0,8805-JNRAZ
1,8806-EAGWC
0,8807-ARQET
0,8807-OPMBM
1,8808-ELEHO
1,8809-RIHDD
0,8809-XKHMD
0,8812-ZRHFP
0,8815-LMFLX
1,8816-VXNZD
0,8818-DOPVL
1,8818-XYFCQ
0,8819-IMISP
0,8819-WFGGJ
0,8819-ZBYNA
1,8821-XNHVZ
0,8822-KNBHV
1,8824-RWFXJ
1,8837-VVWLQ
0,8838-GPHZP
1,8844-TONUD
0,8845-LWKGE
0,8847-GEOOQ
0,8849-PRIQJ
0,8851-RAGOV
0,8853-TZDGH
1,8854-CCVSQ
0,8859-AXJZP
0,8859-DZTGQ
0,8859-YSTWS
1,8861-HGGKB
0,8865-TNMNX
0,8868-GAGIO
1,8868-WOZGU
1,8869-TORSS
0,8871-JLMHM
0,8873-GLDMH
0,8874-EJNSR
0,8875-AKBYH
1,8878-HMWBV
0,8878-RYUKI
0,8879-XUAHX
0,8879-ZKJOF
0,8882-TLVRW
0,8883-ANODQ
1,8884-ADFVN
0,8884-FEEWR
0,8884-MRNSU
0,8885-QSQBX
0,8887-IPQNC
0,8894-JVDCV
0,8896-BQTTI
0,8896-RAZCR
0,8898-KASCD
1,8901-HJXTF
0,8901-UPRHR
0,8902-ZEOVF
0,8903-WMRNW
0,8903-XEBGX
0,8904-OPDCK
0,8905-IAZPF
0,8908-NMQTX
0,8908-SLFCJ
0,8910-LEDAG
1,8914-RBTSB
0,8917-FAEMR
0,8917-SZTTJ
1,8922-LIEGH
0,8922-NPKBJ
0,8929-KSWIH
0,8930-XOTDP
1,8931-GJJIQ
0,8932-CZHRQ
1,8937-RDTHP
1,8938-UMKPI
0,8942-DBMHZ
1,8943-URTMR
0,8944-AILEF
1,8945-GRKHX
1,8945-MUQUF
0,8946-BFWSG
0,8947-YRTDV
1,8949-JTMAY
0,8952-WCVCD
0,8957-THMOA
0,8958-JPTRR
0,8963-JLGJT
0,8963-MQVYN
0,8966-KZXXA
0,8966-OIQHG
0,8966-SNIZF
0,8967-SZQAS
0,8970-ANWXO
1,8972-HJWNV
0,8974-OVACP
0,8975-SKGRX
0,8980-WQFWL
0,8982-NHAVY
0,8984-EYLLL
0,8984-HPEMB
1,8988-ECPJR
0,8990-ZXLSU
0,8992-CEUEN
1,8992-JQYUN
0,8993-IZEUX
1,8993-PHFWD
1,8999-BOHSE
0,8999-EXMNO
0,8999-YPYBV
0,9000-PLFUZ
0,9003-CPATH
0,9013-AQORL
0,9018-PCIOK
1,9025-AOMKI
1,9025-ZRPVR
1,9026-RNUJS
0,9027-TMATR
0,9027-YFHQJ
0,9028-LIHRP
0,9029-FEGVJ
0,9030-QGZNL
0,9031-ZVQPT
1,9033-EOXWV
0,9036-CSKBW
1,9039-RBEEE
0,9039-ZVJDC
0,9040-KZVWO
0,9046-DQMTP
0,9046-JBFWA
0,9050-IKDZA
1,9050-QLROH
0,9052-DHNKM
0,9053-EJUNL
1,9053-JZFKV
0,9054-FOWNV
1,9057-MSWCO
1,9057-SIHCH
1,9058-CBREO
0,9058-HRZSV
0,9058-MJLZC
0,9060-HJJRW
1,9063-ZGTUY
0,9065-ZCPQX
0,9066-QRSDU
0,9067-YGSCA
0,9068-FHQHD
0,9068-VPWQQ
0,9069-LGEUL
0,9070-BCKQP
0,9074-KGVOX
0,9076-AXYIK
0,9079-LWTFD
1,9079-YEXQJ
0,9081-WWXKP
0,9084-OAYKL
0,9089-UOWJG
1,9090-SGQXL
0,9091-WTUUY
0,9092-GDZKO
0,9093-FPDLG
1,9095-HFAFX
0,9097-ZUBYC
0,9099-FTUHS
1,9101-BWFSS
0,9101-NTIXF
1,9102-IAYHT
0,9102-OXKFY
1,9103-TCIHJ
0,9107-UKCKY
0,9108-EJFJP
0,9108-EQPNQ
0,9110-HSGTV
0,9112-WSNPU
0,9114-DPSIA
0,9114-VEPUF
0,9115-YQHGA
0,9121-PHQSR
0,9122-UMROB
1,9124-LHCJQ
0,9127-QRZMH
0,9128-CPXKI
0,9129-UXERG
0,9133-AYJZG
1,9134-CEQMF
0,9135-HSWOC
1,9136-ALYBR
0,9137-UIYPG
0,9138-EFSMO
0,9139-TWBAS
1,9139-WQQDY
0,9142-KZXOP
0,9143-CANJF
0,9146-JRIOX
0,9150-HEPMB
0,9150-KPBJQ
0,9152-AMKAK
0,9153-BTBVV
0,9154-QDGTH
0,9163-GHAYE
0,9169-BSVIN
0,9170-ARBTB
1,9172-ANCRX
1,9172-JITSM
0,9173-IVZVP
1,9174-FKWZE
0,9174-IHETN
0,9178-JHUVJ
1,9185-TQCVP
1,9190-MFJLN
1,9191-MYQKX
0,9199-PWQVC
0,9200-NLNPD
1,9206-GVPEQ
0,9208-OLGAQ
1,9210-IAHGH
0,9214-EKVXR
0,9220-CXRSC
0,9220-ZNKJI
1,9221-OTIVJ
1,9223-UCPVT
1,9227-LUNBG
0,9227-UAQFT
0,9227-YBAXE
0,9229-RQABD
0,9236-NDUCW
1,9237-HQITU
0,9239-GZHZE
1,9239-ZBZZV
0,9242-TKFSV
0,9244-ZVAPM
1,9248-OJYKK
1,9249-FXSCK
1,9250-WYPLL
0,9251-WNSOD
1,9253-QXKBE
0,9253-VIFJQ
1,9254-RBFON
0,9256-JTBNZ
0,9257-AZMTZ
0,9258-CNWAC
1,9259-PACGQ
0,9261-WDCAF
1,9269-CQOOL
0,9272-LSVYH
1,9274-CNFMO
0,9274-UARKJ
0,9277-JOOMO
0,9278-VZKCD
0,9279-CJEOJ
0,9281-CEDRU
0,9281-OFDMF
0,9281-PKKZE
1,9282-IZGQK
1,9283-LZQOH
0,9286-BHDQG
1,9286-DOJGF
0,9289-LBQVU
0,9290-SHCMB
0,9294-TDIPC
0,9297-EONCV
0,9298-WGMRW
1,9300-AGZNL
1,9300-RENDD
1,9305-CDSKC
1,9306-CPCBC
0,9309-BZGNT
0,9314-IJWSQ
0,9314-QDMDW
1,9317-WZPGV
1,9318-NKNFC
0,9323-HGFWY
0,9327-QSDED
0,9330-DHBFL
1,9330-IJWIO
0,9334-GWGOW
0,9337-SRRNI
0,9339-FIIJL
0,9342-VNIMQ
0,9347-AERRL
0,9348-ROUAI
0,9348-YVOMK
0,9350-VLHMB
0,9350-ZXYJC
0,9351-HXDMR
0,9351-LZYGF
0,9355-NPPFS
0,9356-AXGMP
0,9357-UJRUN
0,9359-JANWS
0,9359-UGBTK
1,9360-AHGNL
0,9360-OMDZZ
0,9362-MWODR
0,9364-YKUVW
0,9365-CSLBQ
0,9365-SRSZE
0,9367-OIUXP
0,9367-TCUYN
1,9369-XFEHK
0,9371-BITHB
0,9372-TXXPS
0,9373-WSLOY
0,9374-YOLBJ
0,9375-MHRRS
1,9378-FXTIZ
1,9381-NDKME
0,9385-EHGDO
0,9386-LDCZR
0,9388-ZEYVT
0,9391-DXGGG
0,9391-LMANN
0,9391-TTOYH
0,9391-YZEJW
0,9396-ZSFLL
0,9397-TZSHA
0,9398-MMQTO
1,9399-APLBT
0,9402-ORRAH
0,9402-ROUMJ
0,9408-HRXRK
1,9408-SSNVZ
0,9411-TPQQV
1,9412-ARGBX
1,9412-GHEEC
1,9415-DPEWS
0,9415-ZNBSX
0,9419-IPPBE
1,9420-LOJKX
0,9424-CMPOG
1,9430-FRQOC
0,9430-NKQLY
0,9432-RUVSL
0,9432-VOFYX
0,9435-JMLSX
1,9436-ZBZCT
0,9441-QHEVC
0,9442-JTWDL
0,9443-JUBUO
1,9444-JTXHZ
0,9447-YPTBX
1,9448-REEVD
0,9450-TRJUU
1,9451-LPGOO
0,9453-PATOS
1,9462-MJUAW
1,9465-RWMXL
0,9469-WEJBT
0,9470-RTWDV
0,9470-XCCEM
1,9474-PHLYD
0,9475-NNDGC
0,9479-HYNYL
0,9480-BQJEI
0,9481-IEBZY
0,9481-WHGWY
0,9483-GCPWE
0,9488-FYQAU
0,9489-DEDVP
0,9489-JMTTN
0,9489-UTFKA
1,9490-DFPMD
0,9494-MRNYX
0,9495-REDIY
0,9496-IVVRP
1,9497-QCMMS
0,9498-FIMXL
0,9499-XPZXM
0,9500-IWPXQ
0,9500-LTVBP
0,9500-WBGRP
0,9503-XJUME
0,9504-DSHWM
0,9504-YAZWB
0,9505-SQFSW
0,9506-UXUSK
0,9507-HSMMZ
0,9508-ILZDG
0,9509-MPYOD
1,9512-UIBFX
0,9513-DXHDA
1,9514-JDSKI
0,9518-IMLHK
1,9518-RWHZL
0,9518-XXBXE
0,9522-BNTHX
0,9522-ZSINC
1,9524-EGPJC
1,9526-JAWYF
0,9529-OFXHY
0,9530-GRMJG
0,9531-NSBMR
0,9534-NSXEM
0,9537-JALFH
0,9537-VHDTA
1,9540-JYROE
0,9541-ZPSEA
0,9544-PYPSJ
1,9546-CQJSU
0,9547-ITEFG
0,9548-LERKT
0,9548-LIGTA
0,9548-ZMVTX
0,9552-TGUZV
0,9553-DLCLU
0,9554-DFKIC
0,9555-SAHUZ
0,9558-IHEZX
1,9560-ARGQJ
0,9560-BBZXK
1,9564-KCLHR
0,9565-AXSMR
1,9565-DJPIB
0,9565-FLVCG
1,9565-JSNFM
0,9570-KYEUA
0,9571-EDEBV
1,9572-MTILT
0,9572-WUKSB
1,9576-ANLXO
0,9576-SYUHJ
0,9577-WJVCQ
0,9578-FOMUK
1,9578-VRMNM
0,9584-EXCDZ
0,9588-OZDMQ
0,9588-YRFHY
0,9589-ABEPT
0,9591-YVTEB
0,9592-ERDKV
0,9593-CVZKR
1,9600-NAXZN
1,9600-UDOPK
0,9602-WCXPI
0,9603-OAIHC
0,9605-WGJVW
1,9606-PBKBQ
0,9609-BENEA
1,9611-CTWIH
1,9614-RMGHA
0,9617-INGJY
0,9617-UDPEU
0,9618-LFJRU
0,9619-GSATL
0,9620-ENEJV
0,9620-QJREV
0,9621-OUPYD
0,9624-EGDEQ
0,9625-QNLUX
1,9625-QSTYE
0,9625-RZFUK
0,9626-VFRGG
0,9626-WEQRM
0,9631-RXVJM
0,9631-XEYKE
0,9633-DENPU
0,9633-XQABV
0,9637-CDTKZ
1,9637-EIHEQ
0,9638-JIQYA
0,9639-BUJXT
0,9640-ZSLDC
0,9643-AVVWI
0,9643-YBLUR
0,9644-KVCNC
0,9644-UMGQA
0,9646-NMHXE
0,9648-BCHKM
0,9650-VBUOG
1,9651-GTSAQ
1,9658-WYUFB
0,9659-QEQSY
0,9659-ZTWSM
1,9661-ACXBS
0,9661-JALZV
1,9667-EQRXU
0,9667-TKTVZ
0,9668-PUGNU
0,9670-BPNXF
0,9674-EHPPG
0,9675-ICXCT
0,9677-AVKED
0,9680-NIAUV
0,9688-YGXVR
1,9689-PTNPG
0,9695-IDRZR
0,9696-RMYBA
0,9700-ISPUP
0,9700-ZCLOT
0,9701-CDXHR
0,9702-AIUJO
0,9705-IOVQQ
0,9705-ZJBCG
0,9708-HPXWZ
0,9708-KFDBY
0,9710-NJERN
1,9710-ZUSHQ
0,9711-FJTBX
0,9714-EDSUC
0,9715-SBVSU
0,9715-WZCLW
0,9717-IOAAF
0,9717-QEBGU
0,9720-JJJOR
1,9722-UJOJR
1,9725-SCPZG
1,9728-FTTVZ
0,9730-DRTMJ
0,9732-EQMWY
1,9732-KPKBW
0,9732-OUYRN
1,9734-UYXQI
0,9738-QLWTP
0,9739-JLPQJ
0,9741-YLNTD
0,9742-XOKTS
0,9743-DQKQW
0,9746-MDMBK
0,9746-UGFAC
1,9747-DDZOS
0,9750-BOOHV
0,9752-ZNQUT
0,9753-OYLBX
0,9754-CLVZW
0,9758-MFWGD
0,9761-XUJWD
0,9762-YAQAA
0,9764-REAFF
0,9766-HGEDE
0,9767-FFLEM
0,9770-KXGQU
0,9774-NRNAU
1,9776-CLUJA
0,9777-IQHWP
0,9777-WJJPR
0,9778-OGKQZ
0,9779-DPNEJ
0,9780-FKVVF
0,9786-IJYDL
0,9786-YWNHU
1,9787-XVQIU
0,9788-HNGUT
0,9788-YTFGE
0,9795-NREXC
0,9795-SHUHB
0,9795-VOWON
0,9796-BPKIW
0,9796-MVYXX
0,9798-DRYDS
0,9799-CAYJJ
0,9800-ONTFE
1,9801-GDWGV
0,9801-NOSHQ
0,9802-CAQUT
1,9804-ICWBG
0,9805-FILKB
0,9812-GHVRI
0,9814-AOUDH
0,9817-APLHW
0,9818-XQCUV
0,9819-FBNSV
1,9820-RMCQV
0,9822-OAOVB
0,9822-WMWVG
0,9823-EALYC
1,9824-BEMCV
0,9824-QCJPK
0,9825-YCXWZ
1,9828-AOQLM
0,9828-QHFBK
0,9830-ECLEN
1,9831-BPFRI
0,9833-TGFHX
1,9835-ZIITK
1,9837-BMCLM
0,9837-FWLCH
0,9838-BFCQT
0,9839-ETQOE
1,9840-DVNDC
0,9840-EFJQB
0,9845-PEEKO
0,9845-QOMAD
1,9846-GKXAS
0,9847-HNVGP
0,9848-JQJTX
1,9851-KIELU
1,9851-QXEEQ
0,9853-JFZDU
0,9862-KJTYK
1,9863-JZAIC
0,9866-OCCKE
1,9866-QEVEE
0,9867-JCZSP
0,9867-NNXLC
0,9867-XOBQA
0,9871-ELEYA
0,9873-MNDKV
1,9874-QLCLH
0,9880-TDQAC
0,9885-AIBVB
1,9885-CSMWE
0,9885-MFVSU
1,9889-TMAHG
0,9891-NQDBD
0,9895-VFOXH
0,9896-UYMIE
1,9897-KXHCM
1,9898-KZQDZ
0,9903-LYSAB
0,9904-EHEVJ
0,9906-NHHVC
1,9907-SWKKF
0,9909-IDLEK
1,9912-GVSEQ
0,9912-OMZDS
0,9916-AYHTC
0,9917-KWRBE
0,9919-KNPOO
0,9919-YLNNG
0,9921-QFQUL
1,9921-ZVRHG
0,9924-JPRMC
0,9926-PJHDQ
0,9927-DSWDF
0,9928-BZVLZ
0,9931-KGHOA
0,9932-WBWIK
0,9938-PRCVK
0,9938-TKDGL
1,9940-HPQPG
1,9940-RHLFB
0,9945-PSVIP
1,9947-OTFQU
0,9950-MTGYX
0,9953-ZMKSM
0,9955-QOPOY
0,9958-MEKUC
0,9959-WOFKT
1,9961-JBNMK
0,9962-BFPDU
0,9964-WBQDJ
1,9965-YOKZB
0,9968-FFVVH
0,9970-QBCDA
0,9972-VAFJJ
0,9974-JFBHQ
0,9975-GPKZU
0,9975-SKRNR
0,9978-HYCIN
0,9979-RGMZT
1,9985-MWVIX
1,9986-BONCE
0,9987-LUTYD
1,9992-RRAMN
0,9992-UJOEL
0,9993-LHIEB
0,9995-HOTOH
